Workbook
Name RF: #REF!
Name RF: #REF!
Name 기초가격: #REF!
Name 기초가격: #REF!
Name 만기: #REF!
Name 만기: #REF!
Name 주가상승계수: #REF!
Name 주가상승계수: #REF!
Name 주가하락계수: #REF!
Name 주가하락계수: #REF!
Name 행사가격: #REF!
Name 행사가격: #REF!
Name 행사시작일: #REF!
Name 행사시작일: #REF!
Name 행사종료일: #REF!
Name 행사종료일: #REF!
Name 헷지확률: #REF!
Name 헷지확률: #REF!

Sheet 계정코드
B2: 유동자산 | C2: 10300 | D2: 현금
C3: 10300 | D3: 보통예금
C4: 10300 | D4: 외화보통예금
C5: 10600 | D5: 기타단기금융상품
C6: 10800 | D6: 외상매출금
C7: 10900 | D7: 외상매출금_대손충당금
C8: 11600 | D8: 미수수익
C9: 11700 | D9: 미수수익_대손충당금
C10: 12000 | D10: 미수금
C11: 12100 | D11: 미수금_대손충당금
C12: 12400 | D12: 유동성임차보증금
C13: 13100 | D13: 선급금
C14: 13200 | D14: 선급금_대손충당금
C15: 13300 | D15: 선급비용
C16: 13400 | D16: 주임종단기채권
C17: 13500 | D17: 부가세대급금
C18: 13600 | D18: 선납법인세
C19: 16000 | D19: 상품재고자산평가충당금
C20: 14600 | D20: 상품
C21: 14700 | D21: 제품
C22: 16100 | D22: 제품재고자산평가충당금
C23: 14900 | D23: 원재료
C24: 16200 | D24: 원재료재고자산평가충당금
... C27: 15700 | D27: 재공품
B28: 비유동자산 | C28: 17600 | D28: 종속기업투자주식
C29: 17700 | D29: 관계기업투자주식
C30: 17800 | D30: 투자유가증권
C31: 20600 | D31: 기계장치
C32: 20700 | D32: 감가상각누계액기계장치
C33: 20800 | D33: 차량운반구
C34: 20900 | D34: 감가상각누계액차량운반구
C35: 21000 | D35: 공구와기구
C36: 21100 | D36: 감가상각누계액공구와기구
C37: 21200 | D37: 비품
C38: 21300 | D38: 감가상각누계액비품
C39: 21400 | D39: 건설중인자산
C40: 21900 | D40: 인테리어
C41: 22000 | D41: 감가상각누계액인테리어
C42: 22100 | D42: 시설장치
C43: 22200 | D43: 감가상각누계액시설장치
C44: 22300 | D44: 사용권자산
C45: 22400 | D45: 감가상각누계액사용권자산
C46: 23200 | D46: 특허권
C47: 23300 | D47: 상표권
C48: 23900 | D48: 개발비
C49: 23400 | D49: 영업권
C50: 24000 | D50: 소프트웨어
C51: 18800 | D51: 임차보증금
C52: 19000 | D52: 기타보증금
C53: 19100 | D53: 이연법인세자산
B54: 유동부채 | C54: 25100 | D54: 외상매입금
C55: 25300 | D55: 미지급금
C56: 25400 | D56: 예수금
C57: 25500 | D57: 부가세예수금
C58: 25900 | D58: 선수금
C59: 26000 | D59: 단기차입금
C60: 26200 | D60: 미지급비용
C61: 27500 | D61: 미지급법인세
C62: 28100 | D62: 반품충당부채
C63: 28200 | D63: 유동성장기차입금
C64: 28300 | D64: 유동성리스부채
B65: 비유동부채 | C65: 29300 | D65: 장기차입금
C66: 29500 | D66: 퇴직급여충당금
C67: 31100 | D67: 신주인수권부사채
C68: 31200 | D68: 사채상환할증금
C69: 31300 | D69: 신주인수권조정
C70: 31500 | D70: 리스부채
C71: 31600 | D71: 기타장기종업원급여채무
B72: 자본 | C72: 33100 | D72: 자본금
C73: 33200 | D73: 우선주자본금
C74: 34100 | D74: 주식발행초과금
C75: 34300 | D75: 신주인수권대가
C76: 34400 | D76: 주식선택권
C77: 35100 | D77: 주식할인발행차금
C78: 39700 | D78: 보험수리적손익누계액
C79: 39800 | D79: 해외사업환산차이
C80: 37600 | D80: 이월결손금
C81: 37700 | D81: 처분전이익잉여금
C83: 40100 | D83: 상품매출
C84: 40400 | D84: 제품매출
C85: 40500 | D85: 서비스매출
... C90: 45700 | D90: 식음료매출원가
B91: 제조원가 | C91: 50100 | D91: 원재료비
C92: 50300 | D92: 급여
C93: 50500 | D93: 상여금
C94: 51000 | D94: 퇴직급여
C95: 51100 | D95: 복리후생비
C96: 51200 | D96: 여비교통비
C97: 51400 | D97: 통신비
C98: 51500 | D98: 가스수도료
C99: 51600 | D99: 전력비
C100: 51700 | D100: 세금과공과금
C101: 51800 | D101: 감가상각비
C102: 51900 | D102: 지급임차료
C103: 52000 | D103: 수선비
C104: 52100 | D104: 보험료
C105: 52400 | D105: 운반비
C106: 52500 | D106: 교육훈련비
C107: 52600 | D107: 도서인쇄비
C108: 52900 | D108: 사무용품비
...

Sheet Dart_BS
B3: 과목 | C3: 2026. 06 | D3: 2025. 12 | I3: 과 목 | J3: 주석 | K3: 제 14(당) 기 | L3: 제 13(전) 기
B4: 자산 | I4: 자산
B5: 유동자산 | C5: =SUM(C6:C12) -> 16937363250 | D5: =SUM(D6:D12) -> 25996495943 | G5: =K5=D5 -> TRUE | I5: 유동자산 | K5: 25996495943 | L5: 7305989405
B6: 현금및현금성자산 | C6: =정산표!H7 -> 10968165061 | D6: =정산표!M7 -> 19169211185 | G6: =K6=D6 -> TRUE | I6: 현금및현금성자산 | J6: 4,5,6,7 | K6: 19169211185 | L6: 1957354410
B7: 단기금융상품 | C7: =정산표!H9 -> 0 | D7: =정산표!M9 -> 0 | G7: =D8=K7 -> TRUE | I7: 매출채권및기타수취채권 | J7: 4,5,6,8,35 | K7: 2048442985 | L7: 2018156685
B8: 매출채권및기타채권 | C8: =정산표!H10 -> 1667306010 | D8: =정산표!M10 -> 2048442985 | G8: =D9=K8 -> TRUE | I8: 재고자산 | J8: 9 | K8: 2034274672 | L8: 2152367340
B9: 재고자산 | C9: =정산표!H17 -> 2202609621 | D9: =정산표!M17 -> 2034274672 | G9: =D10=K9 -> TRUE | I9: 기타유동자산 | J9: 10 | K9: 2735837690 | L9: 772410372
B10: 기타유동자산 | C10: =정산표!H27 -> 2097128278 | D10: =정산표!M27 -> 2735837690 | G10: =D11=K10 -> TRUE | I10: 기타유동금융자산 | J10: 4,5,6,8,11,35 | K10: 1250001 | L10: 394803338
B11: 기타유동금융자산 | C11: =정산표!H33 -> 0 | D11: =정산표!M33 -> 1250001 | G11: =D12=K11 -> TRUE | I11: 당기법인세자산 | J11: 22 | K11: 7479410 | L11: 10897260
B12: 당기법인세자산 | C12: =정산표!H36 -> 2154280 | D12: =정산표!M36 -> 7479410 | G12: =D13=K12 -> TRUE | I12: 비유동자산 | K12: 29197391461 | L12: 9570884416
B13: 비유동자산 | C13: =SUM(C14:C19) -> 37605682655 | D13: =SUM(D14:D19) -> 29197391461 | G13: =D14=K13 -> TRUE | I13: 기타비유동금융자산 | J13: 4,5,6,11 | K13: 388220275 | L13: 21783535
B14: 기타비유동금융자산 | C14: =정산표!H38 -> 386082376 | D14: =정산표!M38 -> 388220275 | G14: =D15=K14 -> TRUE | I14: 당기손익-공정가치측정금융자산 | J14: 4,6,12 | K14: 172664940 | L14: 189231441
B15: 당기손익-공정가치금융자산 | C15: =정산표!H42 -> 172664940 | D15: =정산표!M42 -> 172664940 | G15: =D16=K15 -> TRUE | I15: 종속기업및관계기업투자 | J15: 15,35 | K15: 17348225181 | L15: 666578175
B16: 종속기업투자및관계기업투자 | C16: =정산표!H43 -> 25348225181 | D16: =정산표!M43 -> 17348225181 | G16: =D17=K16 -> TRUE | I16: 유형자산 | J16: 13,20,23 | K16: 8682807344 | L16: 6085259645
B17: 유형자산 | C17: =정산표!H47 -> 9018883065 | D17: =정산표!M47 -> 8682807344 | G17: =D18=K17 -> TRUE | I17: 무형자산 | J17: 14 | K17: 50368750 | L17: 218757479
B18: 무형자산 | C18: =정산표!H66 -> 124722122 | D18: =정산표!M66 -> 50368750 | G18: =D19=K18 -> TRUE | I18: 이연법인세자산 | J18: 22 | K18: 2555104971 | L18: 2389274141
B19: 이연법인세자산 | C19: =정산표!H71 -> 2555104971 | D19: =정산표!M71 -> 2555104971 | G19: =D20=K19 -> TRUE | I19: 자산총계 | K19: 55193887404 | L19: 16876873821
B20: 자산총계 | C20: =C5+C13 -> 54543045905 | D20: =D5+D13 -> 55193887404 | G20: =D21=K20 -> TRUE | I20: 부채
B21: 부채 | G21: =D22=K21 -> TRUE | I21: 유동부채 | K21: 5794685216 | L21: 5458740013
B22: 유동부채 | C22: =SUM(C23:C27) -> 7026815912 | D22: =SUM(D23:D27) -> 5794685216 | G22: =D23=K22 -> TRUE | I22: 매입채무및기타지급채무 | J22: 4,5,6,16,35 | K22: 1584755867 | L22: 1698293625
B23: 매입채무및기타지급채무 | C23: =정산표!H75 -> 3144825470 | D23: =정산표!M75 -> 1584755867 | G23: =D24=K23 -> TRUE | I23: 단기차입금 | J23: 4,5,6,19,23,35 | K23: 1120000000 | L23: 1120000000
B24: 단기차입금 | C24: =정산표!H80 -> 1120000000 | D24: =정산표!M80 -> 1120000000 | G24: =D25=K24 -> TRUE | I24: 유동성장기차입금 | J24: 4,5,6,19,23,35 | K24: 83300000 | L24: 99960000
B25: 유동성장기차입금 | C25: =정산표!H81 -> 0 | D25: =정산표!M81 -> 83300000 | G25: =D26=K25 -> TRUE | I25: 유동성리스부채 | J25: 4,5,6,20 | K25: 545986082 | L25: 359470185
B26: 유동성리스부채 | C26: =정산표!H82 -> 537067117 | D26: =정산표!M82 -> 545986082 | G26: =D27=K26 -> TRUE | I26: 기타유동부채 | J26: 17,18,27 | K26: 2460643267 | L26: 2181016203
B27: 기타유동부채 | C27: =정산표!H83 -> 2224923325 | D27: =정산표!M83 -> 2460643267 | G27: =D28=K27 -> TRUE | I27: 비유동부채 | K27: 6909567083 | L27: 5312588524
B28: 비유동부채 | C28: =SUM(C29:C32) -> 5815444698 | D28: =SUM(D29:D32) -> 6909567083 | G28: =D29=K28 -> TRUE | I28: 장기차입금 | J28: 4,5,6,19,23,35 | K28: 4100000000 | L28: 3683300000
B29: 장기차입금 | C29: =정산표!H89 -> 4100000000 | D29: =정산표!M89 -> 4100000000 | G29: =D30=K29 -> TRUE | I29: 리스부채 | J29: 4,5,6,20 | K29: 1049272823 | L29: 103490106
B30: 리스부채 | C30: =정산표!H90 -> 799358124 | D30: =정산표!M90 -> 1049272823 | E30: =C30+C26 -> 1336425241 | F30: =D30+D26 -> 1595258905 | G30: =D31=K30 -> TRUE | I30: 확정급여부채 | J30: 21 | K30: 1587206234 | L30: 1355144834
B31: 확정급여부채 | C31: =정산표!H91 -> 710376650 | D31: =정산표!M91 -> 1587206234 | G31: =D32=K31 -> TRUE | I31: 기타비유동부채 | J31: 17 | K31: 173088026 | L31: 170653584
B32: 기타비유동부채 | C32: =정산표!H87 -> 205709924 | D32: =정산표!M87 -> 173088026 | G32: =D33=K32 -> TRUE | I32: 부채총계 | K32: 12704252299 | L32: 10771328537
B33: 부채총계 | C33: =C22+C28 -> 12842260610 | D33: =D22+D28 -> 12704252299 | G33: =D34=K33 -> TRUE | I33: 자본
B34: 자본 | G34: =D35=K34 -> TRUE | I34: 자본금 | J34: 1,24 | K34: 5691191500 | L34: 3123279500
B35: 자본금 | C35: =정산표!H97 -> 5691191500 | D35: =정산표!M97 -> 5691191500 | G35: =D36=K35 -> TRUE | I35: 자본잉여금 | J35: 24 | K35: 45157382298 | L35: 12384121289
B36: 자본잉여금 | C36: =정산표!H99 -> 45157382298 | D36: =정산표!M99 -> 45157382298 | G36: =D37=K36 -> TRUE | I36: 기타자본항목 | J36: 25 | K36: 424627793 | L36: 377682898
B37: 기타자본항목 | C37: =정산표!H101 -> 424627793 | D37: =정산표!M101 -> 424627793 | G37: =D38=K37 -> TRUE | I37: 결손금 | J37: 26 | K37: -8783566486 | L37: -9779538403
B38: 이익잉여금(결손금) | C38: =정산표!H103 -> -9572416296 | D38: =정산표!M103 -> -8783566486 | G38: =D39=K38 -> TRUE | I38: 자본총계 | K38: 42489635105 | L38: 6105545284
B39: 자본총계 | C39: =SUM(C35:C38) -> 41700785295 | D39: =SUM(D35:D38) -> 42489635105 | G39: =D40=K39 -> TRUE | I39: 부채와자본총계 | K39: 55193887404 | L39: 16876873821
B40: 부채와자본총계 | C40: =C39+C33 -> 54543045905 | D40: =D39+D33 -> 55193887404 | I40: 부채와자본총계 | K40: 16876873821 | L40: 9623140957
C41: =C40=C20 -> TRUE | D41: =D40=D20 -> TRUE
C42: =C40=BS!E102 -> TRUE | D42: =D40=BS!F102 -> TRUE

Sheet Dart_PL
B3: 과목 | C3: 46203 | E3: 45838 | K3: 제 15 기 1분기 | M3: 제 14 기 1분기 | P3: 과 목 | Q3: 주석 | R3: 제 14(당)기 반기 | T3: 제 13(전)기 반기
C4: 3개월 | D4: 누적 | E4: 3개월 | F4: 누적 | K4: 3개월 | L4: 누적 | M4: 3개월 | N4: 누적 | R4: 3개월 | S4: 누적 | T4: 3개월 | U4: 누적
B5: Ⅰ. 매출액 | C5: =D5-L5 -> 4246368702 | D5: =정산표!H113 -> 8288170687 | E5: =R5 -> 3962518140 | F5: =정산표!M113 -> 8817426997 | J5: 매출 | K5: 4041801985 | L5: 4041801985 | M5: 4854908857 | N5: 4854908857 | P5: Ⅰ. 매출액 | Q5: 27,35 | R5: 3962518140 | S5: 8817426997 | T5: 4797315163 | U5: 9148806988 | V5: =S5=F5 -> TRUE
B6: Ⅱ. 매출원가 | C6: =D6+L6 -> 1761754181 | D6: =정산표!H117 -> 3596633522 | E6: =R6 -> 1448493973 | F6: =정산표!M117 -> 3527195264 | J6: 매출원가 | K6: -1834879341 | L6: -1834879341 | M6: -2078701291 | N6: -2078701291 | P6: Ⅱ. 매출원가 | Q6: 29,35 | R6: 1448493973 | S6: 3527195264 | T6: 1804112452 | U6: 3381675952 | V6: =S6=F6 -> TRUE
B7: Ⅲ. 매출총이익 | C7: =C5-C6 -> 2484614521 | D7: =D5-D6 -> 4691537165 | E7: =E5-E6 -> 2514024167 | F7: =F5-F6 -> 5290231733 | J7: 매출총이익 | K7: 2206922644 | L7: 2206922644 | M7: 2776207566 | N7: 2776207566 | P7: Ⅲ. 매출총이익 | R7: 2514024167 | S7: 5290231733 | T7: 2993202711 | U7: 5767131036 | V7: =S7=F7 -> TRUE
B8: 판매비와 관리비 | C8: =D8+L8 -> 2852109483 | D8: =정산표!H137 -> 5378351282 | E8: =R8 -> 1959525763 | F8: =정산표!M137 -> 3878517000 | J8: 판매비와관리비 | K8: -2526241799 | L8: -2526241799 | M8: -1918991237 | N8: -1918991237 | P8: 판매비와관리비 | Q8: 14,28,29,35 | R8: 1959525763 | S8: 3878517000 | T8: 2227267329 | U8: 4520359356 | V8: =S8=F8 -> TRUE
B9: Ⅳ. 영업이익(손실) | C9: =C7-C8 -> -367494962 | D9: =D7-D8 -> -686814117 | E9: =E7-E8 -> 554498404 | F9: =F7-F8 -> 1411714733 | J9: 영업이익(손실) | K9: -319319155 | L9: -319319155 | M9: 857216329 | N9: 857216329 | P9: Ⅳ. 영업이익 | R9: 554498404 | S9: 1411714733 | T9: 765935382 | U9: 1246771680 | V9: =S9=F9 -> TRUE
B10: 기타수익 | C10: =D10-L10 -> 2134230 | D10: =정산표!H172 -> 4395999 | E10: =R10 -> 1815214 | F10: =정산표!M172 -> 7957022 | J10: 기타수익 | K10: 2261769 | L10: 2261769 | M10: 6141808 | N10: 6141808 | P10: 기타수익 | Q10: 31 | R10: 1815214 | S10: 7957022 | T10: 20385 | U10: 22068 | V10: =S10=F10 -> TRUE
B11: 기타비용 | C11: =D11+L11 -> 4822403 | D11: =정산표!H178 -> 4825612 | E11: =R11 -> 3118300 | F11: =정산표!M178 -> 3158006 | J11: 기타비용 | K11: -3209 | L11: -3209 | M11: -39706 | N11: -39706 | P11: 기타비용 | Q11: 31 | R11: 3118300 | S11: 3158006 | T11: 66507 | U11: 95269 | V11: =S11=F11 -> TRUE
B12: 금융수익 | C12: =D12-L12 -> 70638682 | D12: =정산표!H186 -> 169543833 | E12: =R12 -> 7705501 | F12: =정산표!M186 -> 48493067 | J12: 금융수익 | K12: 98905151 | L12: 98905151 | M12: 40787566 | N12: 40787566 | P12: 금융수익 | Q12: 6,32,35 | R12: 7705501 | S12: 48493067 | T12: 86901778 | U12: 207329481 | V12: =S12=F12 -> TRUE
B13: 금융비용 | C13: =D13+L13 -> 212855541 | D13: =정산표!H190 -> 271149913 | E13: =R13 -> 109909945 | F13: =정산표!M190 -> 141374675 | J13: 금융비용 | K13: -58294372 | L13: -58294372 | M13: -31464730 | N13: -31464730 | P13: 금융비용 | Q13: 6,32 | R13: 109909945 | S13: 141374675 | T13: 35425643 | U13: 80836283 | V13: =S13=F13 -> TRUE
B14: Ⅴ. 법인세비용차감전순이익(손실) | C14: =C9+C10-C11+C12-C13 -> -512399994 | D14: =D9+D10-D11+D12-D13 -> -788849810 | E14: =E9+E10-E11+E12-E13 -> 450990874 | F14: =F9+F10-F11+F12-F13 -> 1323632141 | J14: 법인세비용차감전순이익(손실) | K14: -276449816 | L14: -276449816 | M14: 872641267 | N14: 872641267 | P14: Ⅴ. 법인세비용차감전순이익 | R14: 450990874 | S14: 1323632141 | T14: 817365395 | U14: 1373191677 | V14: =S14=F14 -> TRUE
B15: 법인세비용 | C15: 0 | D15: =PL!E85 -> 0 | E15: =R15 -> 0 | F15: =정산표!M196 -> 0 | J15: 법인세비용(수익) | P15: 법인세비용(수익) | Q15: 22 | R15: 0 | S15: 0 | T15: - | U15: - | V15: =S15=F15 -> TRUE
B16: Ⅵ. 당기순이익(손실) | C16: =C14-C15 -> -512399994 | D16: =D14-D15 -> -788849810 | E16: =E14-E15 -> 450990874 | F16: =F14-F15 -> 1323632141 | J16: 당기순이익(손실) | K16: -276449816 | L16: -276449816 | M16: 872641267 | N16: 872641267 | P16: Ⅵ. 반기순이익 | R16: 450990874 | S16: 1323632141 | T16: 817365395 | U16: 1373191677 | V16: =S16=F16 -> TRUE
B17: Ⅶ. 기타포괄손익 | C17: =C19 -> 0 | D17: =D19 -> 0 | E17: =E19 -> 0 | F17: =F19 -> 0 | J17: 기타포괄손익 | P17: Ⅶ. 기타포괄손익 | R17: 0 | S17: 0 | T17: -53227701 | U17: -53227701 | V17: =S17=F17 -> TRUE
B18: 후속적으로 당기손익으로 재분류되지 않은 기타포괄손익 | D18: =D19 -> 0 | F18: =F19 -> 0 | J18: 후속적으로 당기손익으로 재분류되지 않은 기타포괄손익 | P18: 후속적으로 당기손익으로 재분류되지 않은 기타포괄손익 | V18: =S18=F18 -> TRUE
B19: 순확정급여부채 재측정요소 | C19: 0 | D19: =정산표!H199 -> 0 | E19: =R19 -> 0 | F19: =정산표!M199 -> 0 | J19: 순확정급여부채 재측정요소 | P19: 순확정급여부채의 재측정요소 | Q19: 21,26 | R19: 0 | S19: 0 | T19: -53227701 | U19: -53227701 | V19: =S19=F19 -> TRUE
B20: Ⅷ. 당기총포괄이익(손실) | C20: =C16+C17 -> -512399994 | D20: =D16+D17 -> -788849810 | E20: =E16+E17 -> 450990874 | F20: =F16+F17 -> 1323632141 | J20: 총포괄손익 | K20: -276449816 | L20: -276449816 | M20: 872641267 | N20: 872641267 | P20: Ⅷ. 총포괄이익 | R20: 450990874 | S20: 1323632141 | T20: 764137694 | U20: 1319963976 | V20: =S20=F20 -> TRUE
B21: Ⅸ. 당기주당손익 | J21: 주당이익 | P21: Ⅸ. 주당손익
B22: 주당당기순이익(손실) | C22: ='33'!E12 -> -45 | D22: ='33'!F12 -> -69 | E22: ='33'!G12 -> 72 | F22: ='33'!H12 -> 211 | J22: 기본주당이익(손실) (단위 : 원) | K22: -24 | L22: -24 | M22: 140 | N22: 140 | P22: 기본주당이익 | Q22: 33 | R22: 72 | S22: 211 | T22: 131 | U22: 221
B23: 희석당기순이익(손실) | C23: ='33'!E74 -> -45 | D23: ='33'!F74 -> -69.304451 | E23: ='33'!G74 -> 71 | F23: ='33'!H74 -> 209 | J23: 희석주당이익(손실) (단위 : 원) | K23: -24 | L23: -24 | M23: 138 | N23: 138 | P23: 희석주당이익 | Q23: 33 | R23: 71 | S23: 209 | T23: 130 | U23: 218
D25: =D20=정산표!H201 -> TRUE | F25: =F20=정산표!M201 -> TRUE

Sheet 정산표
E1: =E72-E106 -> 0 | F1: =SUM(F6:F201) -> 25009091519 | G1: =SUM(G6:G201)-G124-G131-G124-G131 -> 24999999500 | H1: =H72-H106 -> 0 | J1: =J72-J106 -> 0 | K1: =SUM(K6:K201) -> 0 | L1: =SUM(L6:L201)-L124-L131-L124-L131 -> 0 | M1: =M72-M106 -> 0
G2: =F1-G1 -> 9092019 | L2: =K1-L1 -> 0
E3: 46203 | J3: 46022
B4: Code | D4: 계정과목 | E4: 수정전 | F4: 차변 | G4: 대변 | H4: 수정후 | J4: 수정전 | K4: 차변 | L4: 대변 | M4: 수정후
D5: 자산
D6: 유동자산 | E6: =E7+E10+E17+E27+E36+E9+E33 -> 16937363250 | H6: =H7+H10+H17+H27+H36+H9+H33 -> 16937363250 | J6: =J7+J10+J17+J27+J36+J9+J33 -> 25996495943 | M6: =M7+M10+M17+M27+M36+M9+M33 -> 25996495943
D7: 현금및현금성자산 | E7: =E8 -> 10968165061 | H7: =H8 -> 10968165061 | J7: =J8 -> 19169211185 | M7: =M8 -> 19169211185
B8: 10300 | D8: 현금및현금성자산 | E8: =SUMIFS(제시BS!$H:$H,제시BS!$A:$A,정산표!$B8) -> 10968165061 | F8: =SUMIFS(별도_AJE_26.2Q!$G:$G,별도_AJE_26.2Q!$D:$D,정산표!$B8) -> 0 | G8: =SUMIFS(별도_AJE_26.2Q!$H:$H,별도_AJE_26.2Q!$D:$D,정산표!$B8) -> 0 | H8: =E8+F8-G8 -> 10968165061 | J8: 19169211185 | K8: =SUMIFS(별도_AJE_25!G:G,별도_AJE_25!$D:$D,정산표!$B8) -> 0 | L8: =SUMIFS(별도_AJE_25!H:H,별도_AJE_25!$D:$D,정산표!$B8) -> 0 | M8: =J8+K8-L8 -> 19169211185
B9: 10600 | D9: 단기금융상품 | E9: =SUMIFS(제시BS!$H:$H,제시BS!$A:$A,정산표!$B9) -> 0 | F9: =SUMIFS(별도_AJE_26.2Q!$G:$G,별도_AJE_26.2Q!$D:$D,정산표!$B9) -> 0 | G9: =SUMIFS(별도_AJE_26.2Q!$H:$H,별도_AJE_26.2Q!$D:$D,정산표!$B9) -> 0 | H9: =E9+F9-G9 -> 0 | J9: 0 | K9: =SUMIFS(별도_AJE_25!G:G,별도_AJE_25!$D:$D,정산표!$B9) -> 0 | L9: =SUMIFS(별도_AJE_25!H:H,별도_AJE_25!$D:$D,정산표!$B9) -> 0 | M9: =J9+K9-L9 -> 0
D10: 매출채권및기타채권 | E10: =SUM(E11:E16) -> 1667306010 | H10: =SUM(H11:H16) -> 1667306010 | J10: =SUM(J11:J16) -> 2048442985 | K10: =SUM(K11:K16) -> 0 | L10: =SUM(L11:L16) -> 0 | M10: =SUM(M11:M16) -> 2048442985
B11: 10800 | D11: 매출채권 | E11: =SUMIFS(제시BS!$H:$H,제시BS!$A:$A,정산표!$B11) -> 1535770100 | F11: =SUMIFS(별도_AJE_26.2Q!$G:$G,별도_AJE_26.2Q!$D:$D,정산표!$B11) -> 0 | G11: =SUMIFS(별도_AJE_26.2Q!$H:$H,별도_AJE_26.2Q!$D:$D,정산표!$B11) -> 0 | H11: =E11+F11-G11 -> 1535770100 | J11: 1998788804 | K11: =SUMIFS(별도_AJE_25!G:G,별도_AJE_25!$D:$D,정산표!$B11) -> 0 | L11: =SUMIFS(별도_AJE_25!H:H,별도_AJE_25!$D:$D,정산표!$B11) -> 0 | M11: =J11+K11-L11 -> 1998788804
B12: 10900 | D12: 매출채권대손충당금 | E12: =SUMIFS(제시BS!$H:$H,제시BS!$A:$A,정산표!$B12) -> -105342662 | F12: =SUMIFS(별도_AJE_26.2Q!$G:$G,별도_AJE_26.2Q!$D:$D,정산표!$B12) -> 0 | G12: =SUMIFS(별도_AJE_26.2Q!$H:$H,별도_AJE_26.2Q!$D:$D,정산표!$B12) -> 0 | H12: =E12+F12-G12 -> -105342662 | J12: -188230079 | K12: =SUMIFS(별도_AJE_25!G:G,별도_AJE_25!$D:$D,정산표!$B12) -> 0 | L12: =SUMIFS(별도_AJE_25!H:H,별도_AJE_25!$D:$D,정산표!$B12) -> 0 | M12: =J12+K12-L12 -> -188230079
B13: 11600 | D13: 미수수익 | E13: =SUMIFS(제시BS!$H:$H,제시BS!$A:$A,정산표!$B13) -> 0 | F13: =SUMIFS(별도_AJE_26.2Q!$G:$G,별도_AJE_26.2Q!$D:$D,정산표!$B13) -> 0 | G13: =SUMIFS(별도_AJE_26.2Q!$H:$H,별도_AJE_26.2Q!$D:$D,정산표!$B13) -> 0 | H13: =E13+F13-G13 -> 0 | J13: 0 | K13: =SUMIFS(별도_AJE_25!G:G,별도_AJE_25!$D:$D,정산표!$B13) -> 0 | L13: =SUMIFS(별도_AJE_25!H:H,별도_AJE_25!$D:$D,정산표!$B13) -> 0 | M13: =J13+K13-L13 -> 0
B14: 11700 | D14: 미수수익대손충당금 | E14: =SUMIFS(제시BS!$H:$H,제시BS!$A:$A,정산표!$B14) -> 0 | F14: =SUMIFS(별도_AJE_26.2Q!$G:$G,별도_AJE_26.2Q!$D:$D,정산표!$B14) -> 0 | G14: =SUMIFS(별도_AJE_26.2Q!$H:$H,별도_AJE_26.2Q!$D:$D,정산표!$B14) -> 0 | H14: =E14+F14-G14 -> 0 | J14: 0 | K14: =SUMIFS(별도_AJE_25!G:G,별도_AJE_25!$D:$D,정산표!$B14) -> 0 | L14: =SUMIFS(별도_AJE_25!H:H,별도_AJE_25!$D:$D,정산표!$B14) -> 0 | M14: =J14+K14-L14 -> 0
B15: 12000 | D15: 미수금 | E15: =SUMIFS(제시BS!$H:$H,제시BS!$A:$A,정산표!$B15) -> 261017572 | F15: =SUMIFS(별도_AJE_26.2Q!$G:$G,별도_AJE_26.2Q!$D:$D,정산표!$B15) -> 0 | G15: =SUMIFS(별도_AJE_26.2Q!$H:$H,별도_AJE_26.2Q!$D:$D,정산표!$B15) -> 0 | H15: =E15+F15-G15 -> 261017572 | J15: 265023260 | K15: =SUMIFS(별도_AJE_25!G:G,별도_AJE_25!$D:$D,정산표!$B15) -> 0 | L15: =SUMIFS(별도_AJE_25!H:H,별도_AJE_25!$D:$D,정산표!$B15) -> 0 | M15: =J15+K15-L15 -> 265023260
B16: 12100 | D16: 미수금대손충당금 | E16: =SUMIFS(제시BS!$H:$H,제시BS!$A:$A,정산표!$B16) -> -24139000 | F16: =SUMIFS(별도_AJE_26.2Q!$G:$G,별도_AJE_26.2Q!$D:$D,정산표!$B16) -> 0 | G16: =SUMIFS(별도_AJE_26.2Q!$H:$H,별도_AJE_26.2Q!$D:$D,정산표!$B16) -> 0 | H16: =E16+F16-G16 -> -24139000 | J16: -27139000 | K16: =SUMIFS(별도_AJE_25!G:G,별도_AJE_25!$D:$D,정산표!$B16) -> 0 | L16: =SUMIFS(별도_AJE_25!H:H,별도_AJE_25!$D:$D,정산표!$B16) -> 0 | M16: =J16+K16-L16 -> -27139000
D17: 재고자산 | E17: =SUM(E18:E26) -> 2202609621 | H17: =SUM(H18:H26) -> 2202609621 | J17: =SUM(J18:J26) -> 2034274672 | K17: =SUM(K18:K26) -> 0 | L17: =SUM(L18:L26) -> 0 | M17: =SUM(M18:M26) -> 2034274672
B18: 14600 | D18: 상품 | E18: =SUMIFS(제시BS!$H:$H,제시BS!$A:$A,정산표!$B18) -> 47852743 | F18: =SUMIFS(별도_AJE_26.2Q!$G:$G,별도_AJE_26.2Q!$D:$D,정산표!$B18) -> 0 | G18: =SUMIFS(별도_AJE_26.2Q!$H:$H,별도_AJE_26.2Q!$D:$D,정산표!$B18) -> 0 | H18: =E18+F18-G18 -> 47852743 | J18: 42227029 | K18: =SUMIFS(별도_AJE_25!G:G,별도_AJE_25!$D:$D,정산표!$B18) -> 0 | L18: =SUMIFS(별도_AJE_25!H:H,별도_AJE_25!$D:$D,정산표!$B18) -> 0 | M18: =J18+K18-L18 -> 42227029
B19: 16000 | D19: 상품평가충당금 | E19: =SUMIFS(제시BS!$H:$H,제시BS!$A:$A,정산표!$B19) -> 0 | F19: =SUMIFS(별도_AJE_26.2Q!$G:$G,별도_AJE_26.2Q!$D:$D,정산표!$B19) -> 0 | G19: =SUMIFS(별도_AJE_26.2Q!$H:$H,별도_AJE_26.2Q!$D:$D,정산표!$B19) -> 0 | H19: =E19+F19-G19 -> 0 | J19: -14089 | K19: =SUMIFS(별도_AJE_25!G:G,별도_AJE_25!$D:$D,정산표!$B19) -> 0 | L19: =SUMIFS(별도_AJE_25!H:H,별도_AJE_25!$D:$D,정산표!$B19) -> 0 | M19: =J19+K19-L19 -> -14089
B20: 14700 | D20: 제품 | E20: =SUMIFS(제시BS!$H:$H,제시BS!$A:$A,정산표!$B20) -> 2534717672 | F20: =SUMIFS(별도_AJE_26.2Q!$G:$G,별도_AJE_26.2Q!$D:$D,정산표!$B20) -> 0 | G20: =SUMIFS(별도_AJE_26.2Q!$H:$H,별도_AJE_26.2Q!$D:$D,정산표!$B20) -> 0 | H20: =E20+F20-G20 -> 2534717672 | J20: 2349819825 | K20: =SUMIFS(별도_AJE_25!G:G,별도_AJE_25!$D:$D,정산표!$B20) -> 0 | L20: =SUMIFS(별도_AJE_25!H:H,별도_AJE_25!$D:$D,정산표!$B20) -> 0 | M20: =J20+K20-L20 -> 2349819825
B21: 16100 | D21: 제품평가충당금 | E21: =SUMIFS(제시BS!$H:$H,제시BS!$A:$A,정산표!$B21) -> -827921741 | F21: =SUMIFS(별도_AJE_26.2Q!$G:$G,별도_AJE_26.2Q!$D:$D,정산표!$B21) -> 0 | G21: =SUMIFS(별도_AJE_26.2Q!$H:$H,별도_AJE_26.2Q!$D:$D,정산표!$B21) -> 0 | H21: =E21+F21-G21 -> -827921741 | J21: -725171962 | K21: =SUMIFS(별도_AJE_25!G:G,별도_AJE_25!$D:$D,정산표!$B21) -> 0 | L21: =SUMIFS(별도_AJE_25!H:H,별도_AJE_25!$D:$D,정산표!$B21) -> 0 | M21: =J21+K21-L21 -> -725171962
B22: 14900 | D22: 원재료 | E22: =SUMIFS(제시BS!$H:$H,제시BS!$A:$A,정산표!$B22) -> 464851515 | F22: =SUMIFS(별도_AJE_26.2Q!$G:$G,별도_AJE_26.2Q!$D:$D,정산표!$B22) -> 0 | G22: =SUMIFS(별도_AJE_26.2Q!$H:$H,별도_AJE_26.2Q!$D:$D,정산표!$B22) -> 0 | H22: =E22+F22-G22 -> 464851515 | J22: 354984836 | K22: =SUMIFS(별도_AJE_25!G:G,별도_AJE_25!$D:$D,정산표!$B22) -> 0 | L22: =SUMIFS(별도_AJE_25!H:H,별도_AJE_25!$D:$D,정산표!$B22) -> 0 | M22: =J22+K22-L22 -> 354984836
B23: 16200 | D23: 원재료평가충당금 | E23: =SUMIFS(제시BS!$H:$H,제시BS!$A:$A,정산표!$B23) -> -44697318 | F23: =SUMIFS(별도_AJE_26.2Q!$G:$G,별도_AJE_26.2Q!$D:$D,정산표!$B23) -> 0 | G23: =SUMIFS(별도_AJE_26.2Q!$H:$H,별도_AJE_26.2Q!$D:$D,정산표!$B23) -> 0 | H23: =E23+F23-G23 -> -44697318 | J23: -34479470 | K23: =SUMIFS(별도_AJE_25!G:G,별도_AJE_25!$D:$D,정산표!$B23) -> 0 | L23: =SUMIFS(별도_AJE_25!H:H,별도_AJE_25!$D:$D,정산표!$B23) -> 0 | M23: =J23+K23-L23 -> -34479470
B24: 15200 | D24: 부재료 | E24: =SUMIFS(제시BS!$H:$H,제시BS!$A:$A,정산표!$B24) -> 48405072 | F24: =SUMIFS(별도_AJE_26.2Q!$G:$G,별도_AJE_26.2Q!$D:$D,정산표!$B24) -> 0 | G24: =SUMIFS(별도_AJE_26.2Q!$H:$H,별도_AJE_26.2Q!$D:$D,정산표!$B24) -> 0 | H24: =E24+F24-G24 -> 48405072 | J24: 49267189 | K24: =SUMIFS(별도_AJE_25!G:G,별도_AJE_25!$D:$D,정산표!$B24) -> 0 | L24: =SUMIFS(별도_AJE_25!H:H,별도_AJE_25!$D:$D,정산표!$B24) -> 0 | M24: =J24+K24-L24 -> 49267189
B25: 15300 | D25: 부재료평가충당금 | E25: =SUMIFS(제시BS!$H:$H,제시BS!$A:$A,정산표!$B25) -> -20598322 | F25: =SUMIFS(별도_AJE_26.2Q!$G:$G,별도_AJE_26.2Q!$D:$D,정산표!$B25) -> 0 | G25: =SUMIFS(별도_AJE_26.2Q!$H:$H,별도_AJE_26.2Q!$D:$D,정산표!$B25) -> 0 | H25: =E25+F25-G25 -> -20598322 | J25: -2358686 | K25: =SUMIFS(별도_AJE_25!G:G,별도_AJE_25!$D:$D,정산표!$B25) -> 0 | L25: =SUMIFS(별도_AJE_25!H:H,별도_AJE_25!$D:$D,정산표!$B25) -> 0 | M25: =J25+K25-L25 -> -2358686
B26: 15700 | D26: 재공품 | E26: =SUMIFS(제시BS!$H:$H,제시BS!$A:$A,정산표!$B26) -> 0 | F26: =SUMIFS(별도_AJE_26.2Q!$G:$G,별도_AJE_26.2Q!$D:$D,정산표!$B26) -> 0 | G26: =SUMIFS(별도_AJE_26.2Q!$H:$H,별도_AJE_26.2Q!$D:$D,정산표!$B26) -> 0 | H26: =E26+F26-G26 -> 0 | J26: 0 | K26: =SUMIFS(별도_AJE_25!G:G,별도_AJE_25!$D:$D,정산표!$B26) -> 0 | L26: =SUMIFS(별도_AJE_25!H:H,별도_AJE_25!$D:$D,정산표!$B26) -> 0 | M26: =J26+K26-L26 -> 0
D27: 기타유동자산 | E27: =SUM(E28:E32) -> 2097128278 | H27: =SUM(H28:H32) -> 2097128278 | J27: =SUM(J28:J32) -> 2735837690 | M27: =SUM(M28:M32) -> 2735837690
B28: 13100 | D28: 선급금 | E28: =SUMIFS(제시BS!$H:$H,제시BS!$A:$A,정산표!$B28) -> 394157762 | F28: =SUMIFS(별도_AJE_26.2Q!$G:$G,별도_AJE_26.2Q!$D:$D,정산표!$B28) -> 0 | G28: =SUMIFS(별도_AJE_26.2Q!$H:$H,별도_AJE_26.2Q!$D:$D,정산표!$B28) -> 0 | H28: =E28+F28-G28 -> 394157762 | J28: 2254829529 | K28: =SUMIFS(별도_AJE_25!G:G,별도_AJE_25!$D:$D,정산표!$B28) -> 0 | L28: =SUMIFS(별도_AJE_25!H:H,별도_AJE_25!$D:$D,정산표!$B28) -> 0 | M28: =J28+K28-L28 -> 2254829529
B29: 13200 | D29: 선급금대손충당금 | E29: =SUMIFS(제시BS!$H:$H,제시BS!$A:$A,정산표!$B29) -> 0 | F29: =SUMIFS(별도_AJE_26.2Q!$G:$G,별도_AJE_26.2Q!$D:$D,정산표!$B29) -> 0 | G29: =SUMIFS(별도_AJE_26.2Q!$H:$H,별도_AJE_26.2Q!$D:$D,정산표!$B29) -> 0 | H29: =E29+F29-G29 -> 0 | J29: 0 | K29: =SUMIFS(별도_AJE_25!G:G,별도_AJE_25!$D:$D,정산표!$B29) -> 0 | L29: =SUMIFS(별도_AJE_25!H:H,별도_AJE_25!$D:$D,정산표!$B29) -> 0 | M29: =J29+K29-L29 -> 0
B30: 13300 | D30: 선급비용 | E30: =SUMIFS(제시BS!$H:$H,제시BS!$A:$A,정산표!$B30) -> 1698698289 | F30: =SUMIFS(별도_AJE_26.2Q!$G:$G,별도_AJE_26.2Q!$D:$D,정산표!$B30) -> 0 | G30: =SUMIFS(별도_AJE_26.2Q!$H:$H,별도_AJE_26.2Q!$D:$D,정산표!$B30) -> 0 | H30: =E30+F30-G30 -> 1698698289 | J30: 473315521 | K30: =SUMIFS(별도_AJE_25!G:G,별도_AJE_25!$D:$D,정산표!$B30) -> 0 | L30: =SUMIFS(별도_AJE_25!H:H,별도_AJE_25!$D:$D,정산표!$B30) -> 0 | M30: =J30+K30-L30 -> 473315521
B31: 14000 | D31: 환불자산 | E31: =SUMIFS(제시BS!$H:$H,제시BS!$A:$A,정산표!$B31) -> 4272227 | F31: =SUMIFS(별도_AJE_26.2Q!$G:$G,별도_AJE_26.2Q!$D:$D,정산표!$B31) -> 0 | G31: =SUMIFS(별도_AJE_26.2Q!$H:$H,별도_AJE_26.2Q!$D:$D,정산표!$B31) -> 0 | H31: =E31+F31-G31 -> 4272227 | J31: 7692640 | K31: =SUMIFS(별도_AJE_25!G:G,별도_AJE_25!$D:$D,정산표!$B31) -> 0 | L31: =SUMIFS(별도_AJE_25!H:H,별도_AJE_25!$D:$D,정산표!$B31) -> 0 | M31: =J31+K31-L31 -> 7692640
B32: 13500 | D32: 부가세대급금 | E32: =SUMIFS(제시BS!$H:$H,제시BS!$A:$A,정산표!$B32) -> 0 | F32: =SUMIFS(별도_AJE_26.2Q!$G:$G,별도_AJE_26.2Q!$D:$D,정산표!$B32) -> 0 | G32: =SUMIFS(별도_AJE_26.2Q!$H:$H,별도_AJE_26.2Q!$D:$D,정산표!$B32) -> 0 | H32: =E32+F32-G32 -> 0 | J32: 0 | K32: =SUMIFS(별도_AJE_25!G:G,별도_AJE_25!$D:$D,정산표!$B32) -> 0 | L32: =SUMIFS(별도_AJE_25!H:H,별도_AJE_25!$D:$D,정산표!$B32) -> 0 | M32: =J32+K32-L32 -> 0
D33: 기타유동금융자산 | E33: =SUM(E34:E35) -> 0 | H33: =SUM(H34:H35) -> 0 | J33: =SUM(J34:J35) -> 1250001 | M33: =SUM(M34:M35) -> 1250001
B34: 12400 | D34: 임차보증금(유동) | E34: =SUMIFS(제시BS!$H:$H,제시BS!$A:$A,정산표!$B34) -> 0 | F34: =SUMIFS(별도_AJE_26.2Q!$G:$G,별도_AJE_26.2Q!$D:$D,정산표!$B34) -> 0 | G34: =SUMIFS(별도_AJE_26.2Q!$H:$H,별도_AJE_26.2Q!$D:$D,정산표!$B34) -> 0 | H34: =E34+F34-G34 -> 0 | J34: 0 | K34: =SUMIFS(별도_AJE_25!G:G,별도_AJE_25!$D:$D,정산표!$B34) -> 0 | L34: =SUMIFS(별도_AJE_25!H:H,별도_AJE_25!$D:$D,정산표!$B34) -> 0 | M34: =J34+K34-L34 -> 0
B35: 13400 | D35: 주 . 임.종단기채권 | E35: =SUMIFS(제시BS!$H:$H,제시BS!$A:$A,정산표!$B35) -> 0 | F35: =SUMIFS(별도_AJE_26.2Q!$G:$G,별도_AJE_26.2Q!$D:$D,정산표!$B35) -> 0 | G35: =SUMIFS(별도_AJE_26.2Q!$H:$H,별도_AJE_26.2Q!$D:$D,정산표!$B35) -> 0 | H35: =E35+F35-G35 -> 0 | J35: 1250001 | K35: =SUMIFS(별도_AJE_25!G:G,별도_AJE_25!$D:$D,정산표!$B35) -> 0 | L35: =SUMIFS(별도_AJE_25!H:H,별도_AJE_25!$D:$D,정산표!$B35) -> 0 | M35: =J35+K35-L35 -> 1250001
B36: 13600 | D36: 당기법인세자산 | E36: =SUMIFS(제시BS!$H:$H,제시BS!$A:$A,정산표!$B36) -> 2154280 | F36: =SUMIFS(별도_AJE_26.2Q!$G:$G,별도_AJE_26.2Q!$D:$D,정산표!$B36) -> 0 | G36: =SUMIFS(별도_AJE_26.2Q!$H:$H,별도_AJE_26.2Q!$D:$D,정산표!$B36) -> 0 | H36: =E36+F36-G36 -> 2154280 | J36: 7479410 | K36: =SUMIFS(별도_AJE_25!G:G,별도_AJE_25!$D:$D,정산표!$B36) -> 0 | L36: =SUMIFS(별도_AJE_25!H:H,별도_AJE_25!$D:$D,정산표!$B36) -> 0 | M36: =J36+K36-L36 -> 7479410
D37: 비유동자산 | E37: =E38+E43+E47+E66+E42+E71 -> 37614774674 | H37: =H38+H43+H47+H66+H42+H71 -> 37605682655 | J37: =J38+J43+J47+J66+J42+J71 -> 29197391461 | M37: =M38+M43+M47+M66+M42+M71 -> 29197391461
D38: 기타비유동금융자산 | E38: =SUM(E39:E41) -> 386082376 | H38: =SUM(H39:H41) -> 386082376 | J38: =SUM(J39:J41) -> 388220275 | K38: =SUM(K39:K41) -> 0 | L38: =SUM(L39:L41) -> 0 | M38: =SUM(M39:M41) -> 388220275
B39: 18800 | D39: 임차보증금 | E39: =SUMIFS(제시BS!$H:$H,제시BS!$A:$A,정산표!$B39) -> 403800000 | F39: =SUMIFS(별도_AJE_26.2Q!$G:$G,별도_AJE_26.2Q!$D:$D,정산표!$B39) -> 0 | G39: =SUMIFS(별도_AJE_26.2Q!$H:$H,별도_AJE_26.2Q!$D:$D,정산표!$B39) -> 0 | H39: =E39+F39-G39 -> 403800000 | J39: 413778000 | K39: =SUMIFS(별도_AJE_25!G:G,별도_AJE_25!$D:$D,정산표!$B39) -> 0 | L39: =SUMIFS(별도_AJE_25!H:H,별도_AJE_25!$D:$D,정산표!$B39) -> 0 | M39: =J39+K39-L39 -> 413778000
B40: 18900 | D40: 임차보증금_현재가치할인차금 | E40: =SUMIFS(제시BS!$H:$H,제시BS!$A:$A,정산표!$B40) -> -27853494 | F40: =SUMIFS(별도_AJE_26.2Q!$G:$G,별도_AJE_26.2Q!$D:$D,정산표!$B40) -> 0 | G40: =SUMIFS(별도_AJE_26.2Q!$H:$H,별도_AJE_26.2Q!$D:$D,정산표!$B40) -> 0 | H40: =E40+F40-G40 -> -27853494 | J40: -35581895 | K40: =SUMIFS(별도_AJE_25!G:G,별도_AJE_25!$D:$D,정산표!$B40) -> 0 | L40: =SUMIFS(별도_AJE_25!H:H,별도_AJE_25!$D:$D,정산표!$B40) -> 0 | M40: =J40+K40-L40 -> -35581895
B41: 19000 | D41: 기타보증금 | E41: =SUMIFS(제시BS!$H:$H,제시BS!$A:$A,정산표!$B41) -> 10135870 | F41: =SUMIFS(별도_AJE_26.2Q!$G:$G,별도_AJE_26.2Q!$D:$D,정산표!$B41) -> 0 | G41: =SUMIFS(별도_AJE_26.2Q!$H:$H,별도_AJE_26.2Q!$D:$D,정산표!$B41) -> 0 | H41: =E41+F41-G41 -> 10135870 | J41: 10024170 | K41: =SUMIFS(별도_AJE_25!G:G,별도_AJE_25!$D:$D,정산표!$B41) -> 0 | L41: =SUMIFS(별도_AJE_25!H:H,별도_AJE_25!$D:$D,정산표!$B41) -> 0 | M41: =J41+K41-L41 -> 10024170
B42: 19500 | D42: 당기손익-공정가치금융자산 | E42: =SUMIFS(제시BS!$H:$H,제시BS!$A:$A,정산표!$B42) -> 172664940 | F42: =SUMIFS(별도_AJE_26.2Q!$G:$G,별도_AJE_26.2Q!$D:$D,정산표!$B42) -> 0 | G42: =SUMIFS(별도_AJE_26.2Q!$H:$H,별도_AJE_26.2Q!$D:$D,정산표!$B42) -> 0 | H42: =E42+F42-G42 -> 172664940 | J42: 172664940 | K42: =SUMIFS(별도_AJE_25!G:G,별도_AJE_25!$D:$D,정산표!$B42) -> 0 | L42: =SUMIFS(별도_AJE_25!H:H,별도_AJE_25!$D:$D,정산표!$B42) -> 0 | M42: =J42+K42-L42 -> 172664940
D43: 종속기업및관계기업투자 | E43: =SUM(E44:E46) -> 25348225181 | H43: =SUM(H44:H45) -> 25348225181 | J43: =SUM(J44:J46) -> 17348225181 | M43: =SUM(M44:M46) -> 17348225181
B44: 17600 | D44: 종속기업투자 | E44: =SUMIFS(제시BS!$H:$H,제시BS!$A:$A,정산표!$B44) -> 348225681 | F44: =SUMIFS(별도_AJE_26.2Q!$G:$G,별도_AJE_26.2Q!$D:$D,정산표!$B44) -> 24999999500 | G44: =SUMIFS(별도_AJE_26.2Q!$H:$H,별도_AJE_26.2Q!$D:$D,정산표!$B44) -> 0 | H44: =E44+F44-G44 -> 25348225181 | J44: 348225681 | K44: =SUMIFS(별도_AJE_25!G:G,별도_AJE_25!$D:$D,정산표!$B44) -> 0 | L44: =SUMIFS(별도_AJE_25!H:H,별도_AJE_25!$D:$D,정산표!$B44) -> 0 | M44: =J44+K44-L44 -> 348225681
B45: 17700 | D45: 관계기업투자 | E45: =SUMIFS(제시BS!$H:$H,제시BS!$A:$A,정산표!$B45) -> 24999999500 | F45: =SUMIFS(별도_AJE_26.2Q!$G:$G,별도_AJE_26.2Q!$D:$D,정산표!$B45) -> 0 | G45: =SUMIFS(별도_AJE_26.2Q!$H:$H,별도_AJE_26.2Q!$D:$D,정산표!$B45) -> 24999999500 | H45: =E45+F45-G45 -> 0 | J45: 16999999500 | K45: =SUMIFS(별도_AJE_25!G:G,별도_AJE_25!$D:$D,정산표!$B45) -> 0 | L45: =SUMIFS(별도_AJE_25!H:H,별도_AJE_25!$D:$D,정산표!$B45) -> 0 | M45: =J45+K45-L45 -> 16999999500
B46: 17800 | D46: 투자유가증권 | E46: =SUMIFS(제시BS!$H:$H,제시BS!$A:$A,정산표!$B46) -> 0 | F46: =SUMIFS(별도_AJE_26.2Q!$G:$G,별도_AJE_26.2Q!$D:$D,정산표!$B46) -> 0 | G46: =SUMIFS(별도_AJE_26.2Q!$H:$H,별도_AJE_26.2Q!$D:$D,정산표!$B46) -> 0 | H46: =E46+F46-G46 -> 0 | J46: 0 | K46: =SUMIFS(별도_AJE_25!G:G,별도_AJE_25!$D:$D,정산표!$B46) -> 0 | L46: =SUMIFS(별도_AJE_25!H:H,별도_AJE_25!$D:$D,정산표!$B46) -> 0 | M46: =J46+K46-L46 -> 0
D47: 유형자산 | E47: =SUM(E48:E65) -> 9027975084 | H47: =SUM(H48:H65) -> 9018883065 | J47: =SUM(J48:J65) -> 8682807344 | K47: =SUM(K48:K65) -> 0 | L47: =SUM(L48:L65) -> 0 | M47: =SUM(M48:M65) -> 8682807344
B48: 20100 | D48: 토지 | E48: =SUMIFS(제시BS!$H:$H,제시BS!$A:$A,정산표!$B48) -> 1115280040 | F48: =SUMIFS(별도_AJE_26.2Q!$G:$G,별도_AJE_26.2Q!$D:$D,정산표!$B48) -> 0 | G48: =SUMIFS(별도_AJE_26.2Q!$H:$H,별도_AJE_26.2Q!$D:$D,정산표!$B48) -> 0 | H48: =E48+F48-G48 -> 1115280040 | J48: 557640020 | K48: =SUMIFS(별도_AJE_25!G:G,별도_AJE_25!$D:$D,정산표!$B48) -> 0 | L48: =SUMIFS(별도_AJE_25!H:H,별도_AJE_25!$D:$D,정산표!$B48) -> 0 | M48: =J48+K48-L48 -> 557640020
B49: 20200 | D49: 건물 | E49: =SUMIFS(제시BS!$H:$H,제시BS!$A:$A,정산표!$B49) -> 2832428420 | F49: =SUMIFS(별도_AJE_26.2Q!$G:$G,별도_AJE_26.2Q!$D:$D,정산표!$B49) -> 0 | G49: =SUMIFS(별도_AJE_26.2Q!$H:$H,별도_AJE_26.2Q!$D:$D,정산표!$B49) -> 0 | H49: =E49+F49-G49 -> 2832428420 | J49: 1355889942 | M49: =J49+K49-L49 -> 1355889942
B50: 20300 | D50: 감가상각누계액 | E50: =SUMIFS(제시BS!$H:$H,제시BS!$A:$A,정산표!$B50) -> -61959374 | F50: =SUMIFS(별도_AJE_26.2Q!$G:$G,별도_AJE_26.2Q!$D:$D,정산표!$B50) -> 0 | G50: =SUMIFS(별도_AJE_26.2Q!$H:$H,별도_AJE_26.2Q!$D:$D,정산표!$B50) -> 0 | H50: =E50+F50-G50 -> -61959374 | J50: -31072481 | M50: =J50+K50-L50 -> -31072481
B51: 20600 | D51: 기계장치 | E51: =SUMIFS(제시BS!$H:$H,제시BS!$A:$A,정산표!$B51) -> 2674264961 | F51: =SUMIFS(별도_AJE_26.2Q!$G:$G,별도_AJE_26.2Q!$D:$D,정산표!$B51) -> 0 | G51: =SUMIFS(별도_AJE_26.2Q!$H:$H,별도_AJE_26.2Q!$D:$D,정산표!$B51) -> 0 | H51: =E51+F51-G51 -> 2674264961 | J51: 1819453967 | K51: =SUMIFS(별도_AJE_25!G:G,별도_AJE_25!$D:$D,정산표!$B51) -> 0 | L51: =SUMIFS(별도_AJE_25!H:H,별도_AJE_25!$D:$D,정산표!$B51) -> 0 | M51: =J51+K51-L51 -> 1819453967
B52: 20700 | D52: 감가상각누계액 | E52: =SUMIFS(제시BS!$H:$H,제시BS!$A:$A,정산표!$B52) -> -1323604760 | F52: =SUMIFS(별도_AJE_26.2Q!$G:$G,별도_AJE_26.2Q!$D:$D,정산표!$B52) -> 0 | G52: =SUMIFS(별도_AJE_26.2Q!$H:$H,별도_AJE_26.2Q!$D:$D,정산표!$B52) -> 0 | H52: =E52+F52-G52 -> -1323604760 | J52: -1210652849 | K52: =SUMIFS(별도_AJE_25!G:G,별도_AJE_25!$D:$D,정산표!$B52) -> 0 | L52: =SUMIFS(별도_AJE_25!H:H,별도_AJE_25!$D:$D,정산표!$B52) -> 0 | M52: =J52+K52-L52 -> -1210652849
B53: 20800 | D53: 차량운반구 | E53: =SUMIFS(제시BS!$H:$H,제시BS!$A:$A,정산표!$B53) -> 7974819 | F53: =SUMIFS(별도_AJE_26.2Q!$G:$G,별도_AJE_26.2Q!$D:$D,정산표!$B53) -> 0 | G53: =SUMIFS(별도_AJE_26.2Q!$H:$H,별도_AJE_26.2Q!$D:$D,정산표!$B53) -> 0 | H53: =E53+F53-G53 -> 7974819 | J53: 7974819 | K53: =SUMIFS(별도_AJE_25!G:G,별도_AJE_25!$D:$D,정산표!$B53) -> 0 | L53: =SUMIFS(별도_AJE_25!H:H,별도_AJE_25!$D:$D,정산표!$B53) -> 0 | M53: =J53+K53-L53 -> 7974819
B54: 20900 | D54: 감가상각누계액 | E54: =SUMIFS(제시BS!$H:$H,제시BS!$A:$A,정산표!$B54) -> -7972819 | F54: =SUMIFS(별도_AJE_26.2Q!$G:$G,별도_AJE_26.2Q!$D:$D,정산표!$B54) -> 0 | G54: =SUMIFS(별도_AJE_26.2Q!$H:$H,별도_AJE_26.2Q!$D:$D,정산표!$B54) -> 0 | H54: =E54+F54-G54 -> -7972819 | J54: -7972819 | K54: =SUMIFS(별도_AJE_25!G:G,별도_AJE_25!$D:$D,정산표!$B54) -> 0 | L54: =SUMIFS(별도_AJE_25!H:H,별도_AJE_25!$D:$D,정산표!$B54) -> 0 | M54: =J54+K54-L54 -> -7972819
B55: 21000 | D55: 공구와기구 | E55: =SUMIFS(제시BS!$H:$H,제시BS!$A:$A,정산표!$B55) -> 131100000 | F55: =SUMIFS(별도_AJE_26.2Q!$G:$G,별도_AJE_26.2Q!$D:$D,정산표!$B55) -> 0 | G55: =SUMIFS(별도_AJE_26.2Q!$H:$H,별도_AJE_26.2Q!$D:$D,정산표!$B55) -> 0 | H55: =E55+F55-G55 -> 131100000 | J55: 131100000 | K55: =SUMIFS(별도_AJE_25!G:G,별도_AJE_25!$D:$D,정산표!$B55) -> 0 | L55: =SUMIFS(별도_AJE_25!H:H,별도_AJE_25!$D:$D,정산표!$B55) -> 0 | M55: =J55+K55-L55 -> 131100000
B56: 21100 | D56: 감가상각누계액 | E56: =SUMIFS(제시BS!$H:$H,제시BS!$A:$A,정산표!$B56) -> -67838194 | F56: =SUMIFS(별도_AJE_26.2Q!$G:$G,별도_AJE_26.2Q!$D:$D,정산표!$B56) -> 0 | G56: =SUMIFS(별도_AJE_26.2Q!$H:$H,별도_AJE_26.2Q!$D:$D,정산표!$B56) -> 0 | H56: =E56+F56-G56 -> -67838194 | J56: -58155206 | K56: =SUMIFS(별도_AJE_25!G:G,별도_AJE_25!$D:$D,정산표!$B56) -> 0 | L56: =SUMIFS(별도_AJE_25!H:H,별도_AJE_25!$D:$D,정산표!$B56) -> 0 | M56: =J56+K56-L56 -> -58155206
B57: 21200 | D57: 집기비품 | E57: =SUMIFS(제시BS!$H:$H,제시BS!$A:$A,정산표!$B57) -> 368187065 | F57: =SUMIFS(별도_AJE_26.2Q!$G:$G,별도_AJE_26.2Q!$D:$D,정산표!$B57) -> 0 | G57: =SUMIFS(별도_AJE_26.2Q!$H:$H,별도_AJE_26.2Q!$D:$D,정산표!$B57) -> 0 | H57: =E57+F57-G57 -> 368187065 | J57: 392461239 | K57: =SUMIFS(별도_AJE_25!G:G,별도_AJE_25!$D:$D,정산표!$B57) -> 0 | L57: =SUMIFS(별도_AJE_25!H:H,별도_AJE_25!$D:$D,정산표!$B57) -> 0 | M57: =J57+K57-L57 -> 392461239
B58: 21300 | D58: 감가상각누계액 | E58: =SUMIFS(제시BS!$H:$H,제시BS!$A:$A,정산표!$B58) -> -189699106 | F58: =SUMIFS(별도_AJE_26.2Q!$G:$G,별도_AJE_26.2Q!$D:$D,정산표!$B58) -> 0 | G58: =SUMIFS(별도_AJE_26.2Q!$H:$H,별도_AJE_26.2Q!$D:$D,정산표!$B58) -> 0 | H58: =E58+F58-G58 -> -189699106 | J58: -341221676 | K58: =SUMIFS(별도_AJE_25!G:G,별도_AJE_25!$D:$D,정산표!$B58) -> 0 | L58: =SUMIFS(별도_AJE_25!H:H,별도_AJE_25!$D:$D,정산표!$B58) -> 0 | M58: =J58+K58-L58 -> -341221676
B59: 21400 | D59: 건설중인자산 | E59: =SUMIFS(제시BS!$H:$H,제시BS!$A:$A,정산표!$B59) -> 1385305194 | F59: =SUMIFS(별도_AJE_26.2Q!$G:$G,별도_AJE_26.2Q!$D:$D,정산표!$B59) -> 0 | G59: =SUMIFS(별도_AJE_26.2Q!$H:$H,별도_AJE_26.2Q!$D:$D,정산표!$B59) -> 9092019 | H59: =E59+F59-G59 -> 1376213175 | J59: 4039985025 | K59: =SUMIFS(별도_AJE_25!G:G,별도_AJE_25!$D:$D,정산표!$B59) -> 0 | L59: =SUMIFS(별도_AJE_25!H:H,별도_AJE_25!$D:$D,정산표!$B59) -> 0 | M59: =J59+K59-L59 -> 4039985025
B60: 21900 | D60: 인테리어 | E60: =SUMIFS(제시BS!$H:$H,제시BS!$A:$A,정산표!$B60) -> 131819200 | F60: =SUMIFS(별도_AJE_26.2Q!$G:$G,별도_AJE_26.2Q!$D:$D,정산표!$B60) -> 0 | G60: =SUMIFS(별도_AJE_26.2Q!$H:$H,별도_AJE_26.2Q!$D:$D,정산표!$B60) -> 0 | H60: =E60+F60-G60 -> 131819200 | J60: 218118382 | K60: =SUMIFS(별도_AJE_25!G:G,별도_AJE_25!$D:$D,정산표!$B60) -> 0 | L60: =SUMIFS(별도_AJE_25!H:H,별도_AJE_25!$D:$D,정산표!$B60) -> 0 | M60: =J60+K60-L60 -> 218118382
B61: 22000 | D61: 감가상각누계액 | E61: =SUMIFS(제시BS!$H:$H,제시BS!$A:$A,정산표!$B61) -> -131811200 | F61: =SUMIFS(별도_AJE_26.2Q!$G:$G,별도_AJE_26.2Q!$D:$D,정산표!$B61) -> 0 | G61: =SUMIFS(별도_AJE_26.2Q!$H:$H,별도_AJE_26.2Q!$D:$D,정산표!$B61) -> 0 | H61: =E61+F61-G61 -> -131811200 | J61: -217473398 | K61: =SUMIFS(별도_AJE_25!G:G,별도_AJE_25!$D:$D,정산표!$B61) -> 0 | L61: =SUMIFS(별도_AJE_25!H:H,별도_AJE_25!$D:$D,정산표!$B61) -> 0 | M61: =J61+K61-L61 -> -217473398
B62: 22100 | D62: 시설장치 | E62: =SUMIFS(제시BS!$H:$H,제시BS!$A:$A,정산표!$B62) -> 972487904 | F62: =SUMIFS(별도_AJE_26.2Q!$G:$G,별도_AJE_26.2Q!$D:$D,정산표!$B62) -> 0 | G62: =SUMIFS(별도_AJE_26.2Q!$H:$H,별도_AJE_26.2Q!$D:$D,정산표!$B62) -> 0 | H62: =E62+F62-G62 -> 972487904 | J62: 473450000 | K62: =SUMIFS(별도_AJE_25!G:G,별도_AJE_25!$D:$D,정산표!$B62) -> 0 | L62: =SUMIFS(별도_AJE_25!H:H,별도_AJE_25!$D:$D,정산표!$B62) -> 0 | M62: =J62+K62-L62 -> 473450000
... B65: 22400 | D65: 사용권자산감가상각누계액 | E65: =SUMIFS(제시BS!$H:$H,제시BS!$A:$A,정산표!$B65) -> -370585998 | F65: =SUMIFS(별도_AJE_26.2Q!$G:$G,별도_AJE_26.2Q!$D:$D,정산표!$B65) -> 0 | G65: =SUMIFS(별도_AJE_26.2Q!$H:$H,별도_AJE_26.2Q!$D:$D,정산표!$B65) -> 0 | H65: =E65+F65-G65 -> -370585998 | J65: -145809800 | K65: =SUMIFS(별도_AJE_25!G:G,별도_AJE_25!$D:$D,정산표!$B65) -> 0 | L65: =SUMIFS(별도_AJE_25!H:H,별도_AJE_25!$D:$D,정산표!$B65) -> 0 | M65: =J65+K65-L65 -> -145809800
D66: 무형자산 | E66: =SUM(E67:E70) -> 124722122 | H66: =SUM(H67:H70) -> 124722122 | J66: =SUM(J67:J70) -> 50368750 | M66: =SUM(M67:M70) -> 50368750
B67: 23200 | D67: 특허권 | E67: =SUMIFS(제시BS!$H:$H,제시BS!$A:$A,정산표!$B67) -> 49108768 | F67: =SUMIFS(별도_AJE_26.2Q!$G:$G,별도_AJE_26.2Q!$D:$D,정산표!$B67) -> 0 | G67: =SUMIFS(별도_AJE_26.2Q!$H:$H,별도_AJE_26.2Q!$D:$D,정산표!$B67) -> 0 | H67: =E67+F67-G67 -> 49108768 | J67: 18182933 | K67: =SUMIFS(별도_AJE_25!G:G,별도_AJE_25!$D:$D,정산표!$B67) -> 0 | L67: =SUMIFS(별도_AJE_25!H:H,별도_AJE_25!$D:$D,정산표!$B67) -> 0 | M67: =J67+K67-L67 -> 18182933
B68: 23300 | D68: 상표권 | E68: =SUMIFS(제시BS!$H:$H,제시BS!$A:$A,정산표!$B68) -> 23719703 | F68: =SUMIFS(별도_AJE_26.2Q!$G:$G,별도_AJE_26.2Q!$D:$D,정산표!$B68) -> 0 | G68: =SUMIFS(별도_AJE_26.2Q!$H:$H,별도_AJE_26.2Q!$D:$D,정산표!$B68) -> 0 | H68: =E68+F68-G68 -> 23719703 | J68: 19838530 | K68: =SUMIFS(별도_AJE_25!G:G,별도_AJE_25!$D:$D,정산표!$B68) -> 0 | L68: =SUMIFS(별도_AJE_25!H:H,별도_AJE_25!$D:$D,정산표!$B68) -> 0 | M68: =J68+K68-L68 -> 19838530
B69: 23900 | D69: 개발비 | E69: =SUMIFS(제시BS!$H:$H,제시BS!$A:$A,정산표!$B69) -> 0 | F69: =SUMIFS(별도_AJE_26.2Q!$G:$G,별도_AJE_26.2Q!$D:$D,정산표!$B69) -> 0 | G69: =SUMIFS(별도_AJE_26.2Q!$H:$H,별도_AJE_26.2Q!$D:$D,정산표!$B69) -> 0 | H69: =E69+F69-G69 -> 0 | J69: 0 | K69: =SUMIFS(별도_AJE_25!G:G,별도_AJE_25!$D:$D,정산표!$B69) -> 0 | L69: =SUMIFS(별도_AJE_25!H:H,별도_AJE_25!$D:$D,정산표!$B69) -> 0 | M69: =J69+K69-L69 -> 0
B70: 24000 | D70: 소프트웨어 | E70: =SUMIFS(제시BS!$H:$H,제시BS!$A:$A,정산표!$B70) -> 51893651 | F70: =SUMIFS(별도_AJE_26.2Q!$G:$G,별도_AJE_26.2Q!$D:$D,정산표!$B70) -> 0 | G70: =SUMIFS(별도_AJE_26.2Q!$H:$H,별도_AJE_26.2Q!$D:$D,정산표!$B70) -> 0 | H70: =E70+F70-G70 -> 51893651 | J70: 12347287 | K70: =SUMIFS(별도_AJE_25!G:G,별도_AJE_25!$D:$D,정산표!$B70) -> 0 | L70: =SUMIFS(별도_AJE_25!H:H,별도_AJE_25!$D:$D,정산표!$B70) -> 0 | M70: =J70+K70-L70 -> 12347287
B71: 19600 | D71: 이연법인세자산 | E71: =SUMIFS(제시BS!$H:$H,제시BS!$A:$A,정산표!$B71) -> 2555104971 | F71: =SUMIFS(별도_AJE_26.2Q!$G:$G,별도_AJE_26.2Q!$D:$D,정산표!$B71) -> 0 | G71: =SUMIFS(별도_AJE_26.2Q!$H:$H,별도_AJE_26.2Q!$D:$D,정산표!$B71) -> 0 | H71: =E71+F71-G71 -> 2555104971 | J71: 2555104971 | K71: =SUMIFS(별도_AJE_25!G:G,별도_AJE_25!$D:$D,정산표!$B71) -> 0 | L71: =SUMIFS(별도_AJE_25!H:H,별도_AJE_25!$D:$D,정산표!$B71) -> 0 | M71: =J71+K71-L71 -> 2555104971
D72: 자산총계 | E72: =E37+E6 -> 54552137924 | H72: =H37+H6 -> 54543045905 | J72: =J37+J6 -> 55193887404 | M72: =M37+M6 -> 55193887404
D73: 부채
D74: 유동부채 | E74: =E75+E80+E83+E81+E82 -> 7026815912 | H74: =H75+H80+H83+H81+H82 -> 7026815912 | J74: =J75+J80+J83+J81+J82 -> 5794685216 | M74: =M75+M80+M83+M81+M82 -> 5794685216
D75: 매입채무및기타채무 | E75: =SUM(E76:E79) -> 3144825470 | H75: =SUM(H76:H79) -> 3144825470 | J75: =SUM(J76:J79) -> 1584755867 | K75: =SUM(K76:K79) -> 0 | L75: =SUM(L76:L79) -> 0 | M75: =SUM(M76:M79) -> 1584755867
B76: 25100 | D76: 매입채무 | E76: =SUMIFS(제시BS!$H:$H,제시BS!$A:$A,정산표!$B76) -> 299203820 | F76: =SUMIFS(별도_AJE_26.2Q!$G:$G,별도_AJE_26.2Q!$D:$D,정산표!$B76) -> 0 | G76: =SUMIFS(별도_AJE_26.2Q!$H:$H,별도_AJE_26.2Q!$D:$D,정산표!$B76) -> 0 | H76: =E76-F76+G76 -> 299203820 | J76: 545684916 | K76: =SUMIFS(별도_AJE_25!G:G,별도_AJE_25!$D:$D,정산표!$B76) -> 0 | L76: =SUMIFS(별도_AJE_25!H:H,별도_AJE_25!$D:$D,정산표!$B76) -> 0 | M76: =J76-K76+L76 -> 545684916
B77: 25300 | D77: 미지급금 | E77: =SUMIFS(제시BS!$H:$H,제시BS!$A:$A,정산표!$B77) -> 207639910 | F77: =SUMIFS(별도_AJE_26.2Q!$G:$G,별도_AJE_26.2Q!$D:$D,정산표!$B77) -> 0 | G77: =SUMIFS(별도_AJE_26.2Q!$H:$H,별도_AJE_26.2Q!$D:$D,정산표!$B77) -> 0 | H77: =E77-F77+G77 -> 207639910 | J77: 293009113 | K77: =SUMIFS(별도_AJE_25!G:G,별도_AJE_25!$D:$D,정산표!$B77) -> 0 | L77: =SUMIFS(별도_AJE_25!H:H,별도_AJE_25!$D:$D,정산표!$B77) -> 0 | M77: =J77-K77+L77 -> 293009113
B78: 25400 | D78: 예수금 | E78: =SUMIFS(제시BS!$H:$H,제시BS!$A:$A,정산표!$B78) -> 85200680 | F78: =SUMIFS(별도_AJE_26.2Q!$G:$G,별도_AJE_26.2Q!$D:$D,정산표!$B78) -> 0 | G78: =SUMIFS(별도_AJE_26.2Q!$H:$H,별도_AJE_26.2Q!$D:$D,정산표!$B78) -> 0 | H78: =E78-F78+G78 -> 85200680 | J78: 0 | K78: =SUMIFS(별도_AJE_25!G:G,별도_AJE_25!$D:$D,정산표!$B78) -> 0 | L78: =SUMIFS(별도_AJE_25!H:H,별도_AJE_25!$D:$D,정산표!$B78) -> 0 | M78: =J78-K78+L78 -> 0
B79: 26200 | D79: 미지급비용 | E79: =SUMIFS(제시BS!$H:$H,제시BS!$A:$A,정산표!$B79) -> 2552781060 | F79: =SUMIFS(별도_AJE_26.2Q!$G:$G,별도_AJE_26.2Q!$D:$D,정산표!$B79) -> 0 | G79: =SUMIFS(별도_AJE_26.2Q!$H:$H,별도_AJE_26.2Q!$D:$D,정산표!$B79) -> 0 | H79: =E79-F79+G79 -> 2552781060 | J79: 746061838 | K79: =SUMIFS(별도_AJE_25!G:G,별도_AJE_25!$D:$D,정산표!$B79) -> 0 | L79: =SUMIFS(별도_AJE_25!H:H,별도_AJE_25!$D:$D,정산표!$B79) -> 0 | M79: =J79-K79+L79 -> 746061838
B80: 26000 | D80: 단기차입금 | E80: =SUMIFS(제시BS!$H:$H,제시BS!$A:$A,정산표!$B80) -> 1120000000 | F80: =SUMIFS(별도_AJE_26.2Q!$G:$G,별도_AJE_26.2Q!$D:$D,정산표!$B80) -> 0 | G80: =SUMIFS(별도_AJE_26.2Q!$H:$H,별도_AJE_26.2Q!$D:$D,정산표!$B80) -> 0 | H80: =E80-F80+G80 -> 1120000000 | J80: 1120000000 | K80: =SUMIFS(별도_AJE_25!G:G,별도_AJE_25!$D:$D,정산표!$B80) -> 0 | L80: =SUMIFS(별도_AJE_25!H:H,별도_AJE_25!$D:$D,정산표!$B80) -> 0 | M80: =J80-K80+L80 -> 1120000000
B81: 28200 | D81: 유동성장기차입금 | E81: =SUMIFS(제시BS!$H:$H,제시BS!$A:$A,정산표!$B81) -> 0 | F81: =SUMIFS(별도_AJE_26.2Q!$G:$G,별도_AJE_26.2Q!$D:$D,정산표!$B81) -> 0 | G81: =SUMIFS(별도_AJE_26.2Q!$H:$H,별도_AJE_26.2Q!$D:$D,정산표!$B81) -> 0 | H81: =E81-F81+G81 -> 0 | J81: 83300000 | K81: =SUMIFS(별도_AJE_25!G:G,별도_AJE_25!$D:$D,정산표!$B81) -> 0 | L81: =SUMIFS(별도_AJE_25!H:H,별도_AJE_25!$D:$D,정산표!$B81) -> 0 | M81: =J81-K81+L81 -> 83300000
B82: 28300 | D82: 유동성리스부채 | E82: =SUMIFS(제시BS!$H:$H,제시BS!$A:$A,정산표!$B82) -> 537067117 | F82: =SUMIFS(별도_AJE_26.2Q!$G:$G,별도_AJE_26.2Q!$D:$D,정산표!$B82) -> 0 | G82: =SUMIFS(별도_AJE_26.2Q!$H:$H,별도_AJE_26.2Q!$D:$D,정산표!$B82) -> 0 | H82: =E82-F82+G82 -> 537067117 | J82: 545986082 | K82: =SUMIFS(별도_AJE_25!G:G,별도_AJE_25!$D:$D,정산표!$B82) -> 0 | L82: =SUMIFS(별도_AJE_25!H:H,별도_AJE_25!$D:$D,정산표!$B82) -> 0 | M82: =J82-K82+L82 -> 545986082
D83: 기타유동부채 | E83: =SUM(E84:E85) -> 2224923325 | H83: =SUM(H84:H85) -> 2224923325 | J83: =SUM(J84:J85) -> 2460643267 | K83: =SUM(K84:K85) -> 0 | L83: =SUM(L84:L85) -> 0 | M83: =SUM(M84:M85) -> 2460643267
B84: 25900 | D84: 선수금 | E84: =SUMIFS(제시BS!$H:$H,제시BS!$A:$A,정산표!$B84) -> 2215528322 | F84: =SUMIFS(별도_AJE_26.2Q!$G:$G,별도_AJE_26.2Q!$D:$D,정산표!$B84) -> 0 | G84: =SUMIFS(별도_AJE_26.2Q!$H:$H,별도_AJE_26.2Q!$D:$D,정산표!$B84) -> 0 | H84: =E84-F84+G84 -> 2215528322 | J84: 2443300145 | K84: =SUMIFS(별도_AJE_25!G:G,별도_AJE_25!$D:$D,정산표!$B84) -> 0 | L84: =SUMIFS(별도_AJE_25!H:H,별도_AJE_25!$D:$D,정산표!$B84) -> 0 | M84: =J84-K84+L84 -> 2443300145
B85: 28100 | D85: 환불부채 | E85: =SUMIFS(제시BS!$H:$H,제시BS!$A:$A,정산표!$B85) -> 9395003 | F85: =SUMIFS(별도_AJE_26.2Q!$G:$G,별도_AJE_26.2Q!$D:$D,정산표!$B85) -> 0 | G85: =SUMIFS(별도_AJE_26.2Q!$H:$H,별도_AJE_26.2Q!$D:$D,정산표!$B85) -> 0 | H85: =E85-F85+G85 -> 9395003 | J85: 17343122 | K85: =SUMIFS(별도_AJE_25!G:G,별도_AJE_25!$D:$D,정산표!$B85) -> 0 | L85: =SUMIFS(별도_AJE_25!H:H,별도_AJE_25!$D:$D,정산표!$B85) -> 0 | M85: =J85-K85+L85 -> 17343122
D86: 비유동부채 | E86: =E87+E89+E91+E94+E90 -> 5815444698 | H86: =H87+H89+H91+H94+H90 -> 5815444698 | J86: =J87+J89+J91+J94+J90 -> 6909567083 | M86: =M87+M89+M91+M94+M90 -> 6909567083
D87: 기타비유동부채 | E87: =SUM(E88:E88) -> 205709924 | H87: =SUM(H88:H88) -> 205709924 | J87: =SUM(J88:J88) -> 173088026 | M87: =SUM(M88:M88) -> 173088026
B88: 31600 | D88: 장기종업원급여부채 | E88: =SUMIFS(제시BS!$H:$H,제시BS!$A:$A,정산표!$B88) -> 205709924 | F88: =SUMIFS(별도_AJE_26.2Q!$G:$G,별도_AJE_26.2Q!$D:$D,정산표!$B88) -> 0 | G88: =SUMIFS(별도_AJE_26.2Q!$H:$H,별도_AJE_26.2Q!$D:$D,정산표!$B88) -> 0 | H88: =E88-F88+G88 -> 205709924 | J88: 173088026 | K88: =SUMIFS(별도_AJE_25!G:G,별도_AJE_25!$D:$D,정산표!$B88) -> 0 | L88: =SUMIFS(별도_AJE_25!H:H,별도_AJE_25!$D:$D,정산표!$B88) -> 0 | M88: =J88-K88+L88 -> 173088026
B89: 29300 | D89: 장기차입금 | E89: =SUMIFS(제시BS!$H:$H,제시BS!$A:$A,정산표!$B89) -> 4100000000 | F89: =SUMIFS(별도_AJE_26.2Q!$G:$G,별도_AJE_26.2Q!$D:$D,정산표!$B89) -> 0 | G89: =SUMIFS(별도_AJE_26.2Q!$H:$H,별도_AJE_26.2Q!$D:$D,정산표!$B89) -> 0 | H89: =E89-F89+G89 -> 4100000000 | J89: 4100000000 | K89: =SUMIFS(별도_AJE_25!G:G,별도_AJE_25!$D:$D,정산표!$B89) -> 0 | L89: =SUMIFS(별도_AJE_25!H:H,별도_AJE_25!$D:$D,정산표!$B89) -> 0 | M89: =J89-K89+L89 -> 4100000000
B90: 31500 | D90: 리스부채 | E90: =SUMIFS(제시BS!$H:$H,제시BS!$A:$A,정산표!$B90) -> 799358124 | F90: =SUMIFS(별도_AJE_26.2Q!$G:$G,별도_AJE_26.2Q!$D:$D,정산표!$B90) -> 0 | G90: =SUMIFS(별도_AJE_26.2Q!$H:$H,별도_AJE_26.2Q!$D:$D,정산표!$B90) -> 0 | H90: =E90-F90+G90 -> 799358124 | J90: 1049272823 | K90: =SUMIFS(별도_AJE_25!G:G,별도_AJE_25!$D:$D,정산표!$B90) -> 0 | L90: =SUMIFS(별도_AJE_25!H:H,별도_AJE_25!$D:$D,정산표!$B90) -> 0 | M90: =J90-K90+L90 -> 1049272823
D91: 순확정급여부채 | E91: =SUM(E92:E93) -> 710376650 | H91: =SUM(H92:H93) -> 710376650 | J91: =SUM(J92:J93) -> 1587206234 | M91: =SUM(M92:M93) -> 1587206234
B92: 29500 | D92: 퇴직급여충당부채 | E92: =SUMIFS(제시BS!$H:$H,제시BS!$A:$A,정산표!$B92) -> 710376650 | F92: =SUMIFS(별도_AJE_26.2Q!$G:$G,별도_AJE_26.2Q!$D:$D,정산표!$B92) -> 0 | G92: =SUMIFS(별도_AJE_26.2Q!$H:$H,별도_AJE_26.2Q!$D:$D,정산표!$B92) -> 0 | H92: =E92-F92+G92 -> 710376650 | J92: 1587206234 | K92: =SUMIFS(별도_AJE_25!G:G,별도_AJE_25!$D:$D,정산표!$B92) -> 0 | L92: =SUMIFS(별도_AJE_25!H:H,별도_AJE_25!$D:$D,정산표!$B92) -> 0 | M92: =J92-K92+L92 -> 1587206234
B93: 29500-1 | D93: 퇴직연금운용자산 | E93: =SUMIFS(제시BS!$H:$H,제시BS!$A:$A,정산표!$B93) -> 0 | F93: =SUMIFS(별도_AJE_26.2Q!$G:$G,별도_AJE_26.2Q!$D:$D,정산표!$B93) -> 0 | G93: =SUMIFS(별도_AJE_26.2Q!$H:$H,별도_AJE_26.2Q!$D:$D,정산표!$B93) -> 0 | H93: =E93-F93+G93 -> 0 | J93: 0 | K93: =SUMIFS(별도_AJE_25!G:G,별도_AJE_25!$D:$D,정산표!$B93) -> 0 | L93: =SUMIFS(별도_AJE_25!H:H,별도_AJE_25!$D:$D,정산표!$B93) -> 0 | M93: =J93-K93+L93 -> 0
D94: 이연법인세부채 | E94: =SUMIFS(제시BS!$H:$H,제시BS!$A:$A,정산표!$B94) -> 0 | F94: =SUMIFS(별도_AJE_26.2Q!$G:$G,별도_AJE_26.2Q!$D:$D,정산표!$B94) -> 0 | G94: =SUMIFS(별도_AJE_26.2Q!$H:$H,별도_AJE_26.2Q!$D:$D,정산표!$B94) -> 0 | H94: =E94-F94+G94 -> 0 | J94: 0 | K94: =SUMIFS(별도_AJE_25!G:G,별도_AJE_25!$D:$D,정산표!$B94) -> 0 | L94: =SUMIFS(별도_AJE_25!H:H,별도_AJE_25!$D:$D,정산표!$B94) -> 0 | M94: =J94-K94+L94 -> 0
D95: 부채총계 | E95: =E74+E86 -> 12842260610 | H95: =H74+H86 -> 12842260610 | J95: =J74+J86 -> 12704252299 | M95: =M74+M86 -> 12704252299
D96: 자본
D97: 자본금 | E97: =E98 -> 5691191500 | H97: =H98 -> 5691191500 | J97: =J98 -> 5691191500 | M97: =M98 -> 5691191500
B98: 33100 | D98: 보통주자본금 | E98: =SUMIFS(제시BS!$H:$H,제시BS!$A:$A,정산표!$B98) -> 5691191500 | F98: =SUMIFS(별도_AJE_26.2Q!$G:$G,별도_AJE_26.2Q!$D:$D,정산표!$B98) -> 0 | G98: =SUMIFS(별도_AJE_26.2Q!$H:$H,별도_AJE_26.2Q!$D:$D,정산표!$B98) -> 0 | H98: =E98-F98+G98 -> 5691191500 | J98: 5691191500 | K98: =SUMIFS(별도_AJE_25!G:G,별도_AJE_25!$D:$D,정산표!$B98) -> 0 | L98: =SUMIFS(별도_AJE_25!H:H,별도_AJE_25!$D:$D,정산표!$B98) -> 0 | M98: =J98-K98+L98 -> 5691191500
D99: 자본잉여금 | E99: =SUM(E100:E100) -> 45157382298 | H99: =SUM(H100:H100) -> 45157382298 | J99: =SUM(J100:J100) -> 45157382298 | M99: =SUM(M100:M100) -> 45157382298
B100: 34100 | D100: 주식발행초과금 | E100: =SUMIFS(제시BS!$H:$H,제시BS!$A:$A,정산표!$B100) -> 45157382298 | F100: =SUMIFS(별도_AJE_26.2Q!$G:$G,별도_AJE_26.2Q!$D:$D,정산표!$B100) -> 0 | G100: =SUMIFS(별도_AJE_26.2Q!$H:$H,별도_AJE_26.2Q!$D:$D,정산표!$B100) -> 0 | H100: =E100-F100+G100 -> 45157382298 | J100: 45157382298 | K100: =SUMIFS(별도_AJE_25!G:G,별도_AJE_25!$D:$D,정산표!$B100) -> 0 | L100: =SUMIFS(별도_AJE_25!H:H,별도_AJE_25!$D:$D,정산표!$B100) -> 0 | M100: =J100-K100+L100 -> 45157382298
D101: 기타자본항목 | E101: =SUM(E102:E102) -> 424627793 | H101: =SUM(H102:H102) -> 424627793 | J101: =SUM(J102:J102) -> 424627793 | M101: =SUM(M102:M102) -> 424627793
B102: 34400 | D102: 주식매수선택권 | E102: =SUMIFS(제시BS!$H:$H,제시BS!$A:$A,정산표!$B102) -> 424627793 | F102: =SUMIFS(별도_AJE_26.2Q!$G:$G,별도_AJE_26.2Q!$D:$D,정산표!$B102) -> 0 | G102: =SUMIFS(별도_AJE_26.2Q!$H:$H,별도_AJE_26.2Q!$D:$D,정산표!$B102) -> 0 | H102: =E102-F102+G102 -> 424627793 | J102: 424627793 | K102: =SUMIFS(별도_AJE_25!G:G,별도_AJE_25!$D:$D,정산표!$B102) -> 0 | L102: =SUMIFS(별도_AJE_25!H:H,별도_AJE_25!$D:$D,정산표!$B102) -> 0 | M102: =J102-K102+L102 -> 424627793 | O102: 3.7768267e+08 | P102: =O102-H102 -> -46945127
...

Sheet 정산표_IFRS18
B1: 정산표 (IFRS 18 손익계산서 기준) - 별도
B2: ※ 기존 [정산표] 시트의 금액을 그대로 연동하여 IFRS 18 범주(영업·투자·재무·법인세)로 재분류한 정산표입니다. 재분류는 하단 [부록 1]의 P열(노란색·파란글씨)에서 변경하면 자동 반영됩니다.
E3: ='정산표'!E3 -> 46203 | J3: ='정산표'!J3 -> 46022
B4: Code | D4: 계정과목 | E4: 수정전 | F4: 차변 | G4: 대변 | H4: 수정후 | J4: 수정전 | K4: 차변 | L4: 대변 | M4: 수정후
B5: Ⅰ. 영업 범주
D6: 매출액 | E6: =SUMIFS(E$63:E$121,$P$63:$P$121,$D6) -> 8288170687 | F6: =SUMIFS(F$63:F$121,$P$63:$P$121,$D6) -> 0 | G6: =SUMIFS(G$63:G$121,$P$63:$P$121,$D6) -> 0 | H6: =SUMIFS(H$63:H$121,$P$63:$P$121,$D6) -> 8288170687 | J6: =SUMIFS(J$63:J$121,$P$63:$P$121,$D6) -> 8817426997 | K6: =SUMIFS(K$63:K$121,$P$63:$P$121,$D6) -> 0 | L6: =SUMIFS(L$63:L$121,$P$63:$P$121,$D6) -> 0 | M6: =SUMIFS(M$63:M$121,$P$63:$P$121,$D6) -> 8817426997
D7: 매출원가 | E7: =SUMIFS(E$63:E$121,$P$63:$P$121,$D7) -> 3596633522 | F7: =SUMIFS(F$63:F$121,$P$63:$P$121,$D7) -> 0 | G7: =SUMIFS(G$63:G$121,$P$63:$P$121,$D7) -> 0 | H7: =SUMIFS(H$63:H$121,$P$63:$P$121,$D7) -> 3596633522 | J7: =SUMIFS(J$63:J$121,$P$63:$P$121,$D7) -> 3527195264 | K7: =SUMIFS(K$63:K$121,$P$63:$P$121,$D7) -> 0 | L7: =SUMIFS(L$63:L$121,$P$63:$P$121,$D7) -> 0 | M7: =SUMIFS(M$63:M$121,$P$63:$P$121,$D7) -> 3527195264
D8: 매출총이익 | E8: =E6-E7 -> 4691537165 | H8: =H6-H7 -> 4691537165 | J8: =J6-J7 -> 5290231733 | M8: =M6-M7 -> 5290231733
D9: 판매비와관리비 | E9: =SUMIFS(E$63:E$121,$P$63:$P$121,$D9) -> 5378351282 | F9: =SUMIFS(F$63:F$121,$P$63:$P$121,$D9) -> 0 | G9: =SUMIFS(G$63:G$121,$P$63:$P$121,$D9) -> 0 | H9: =SUMIFS(H$63:H$121,$P$63:$P$121,$D9) -> 5378351282 | J9: =SUMIFS(J$63:J$121,$P$63:$P$121,$D9) -> 3878517000 | K9: =SUMIFS(K$63:K$121,$P$63:$P$121,$D9) -> 0 | L9: =SUMIFS(L$63:L$121,$P$63:$P$121,$D9) -> 0 | M9: =SUMIFS(M$63:M$121,$P$63:$P$121,$D9) -> 3878517000
D10: 기타영업수익 | E10: =SUMIFS(E$63:E$121,$P$63:$P$121,$D10) -> 151841271 | F10: =SUMIFS(F$63:F$121,$P$63:$P$121,$D10) -> 0 | G10: =SUMIFS(G$63:G$121,$P$63:$P$121,$D10) -> 0 | H10: =SUMIFS(H$63:H$121,$P$63:$P$121,$D10) -> 151841271 | J10: =SUMIFS(J$63:J$121,$P$63:$P$121,$D10) -> 28441829 | K10: =SUMIFS(K$63:K$121,$P$63:$P$121,$D10) -> 0 | L10: =SUMIFS(L$63:L$121,$P$63:$P$121,$D10) -> 0 | M10: =SUMIFS(M$63:M$121,$P$63:$P$121,$D10) -> 28441829
D11: 기타영업비용 | E11: =SUMIFS(E$63:E$121,$P$63:$P$121,$D11) -> 177020574 | F11: =SUMIFS(F$63:F$121,$P$63:$P$121,$D11) -> 0 | G11: =SUMIFS(G$63:G$121,$P$63:$P$121,$D11) -> 0 | H11: =SUMIFS(H$63:H$121,$P$63:$P$121,$D11) -> 177020574 | J11: =SUMIFS(J$63:J$121,$P$63:$P$121,$D11) -> 101288328 | K11: =SUMIFS(K$63:K$121,$P$63:$P$121,$D11) -> 0 | L11: =SUMIFS(L$63:L$121,$P$63:$P$121,$D11) -> 0 | M11: =SUMIFS(M$63:M$121,$P$63:$P$121,$D11) -> 101288328
D12: 영업손익 | E12: =E8-E9+E10-E11 -> -711993420 | H12: =H8-H9+H10-H11 -> -711993420 | J12: =J8-J9+J10-J11 -> 1338868234 | M12: =M8-M9+M10-M11 -> 1338868234
B14: Ⅱ. 투자 범주
D15: 투자수익 | E15: =SUMIFS(E$63:E$121,$P$63:$P$121,$D15) -> 22098561 | F15: =SUMIFS(F$63:F$121,$P$63:$P$121,$D15) -> 0 | G15: =SUMIFS(G$63:G$121,$P$63:$P$121,$D15) -> 0 | H15: =SUMIFS(H$63:H$121,$P$63:$P$121,$D15) -> 22098561 | J15: =SUMIFS(J$63:J$121,$P$63:$P$121,$D15) -> 28008260 | K15: =SUMIFS(K$63:K$121,$P$63:$P$121,$D15) -> 0 | L15: =SUMIFS(L$63:L$121,$P$63:$P$121,$D15) -> 0 | M15: =SUMIFS(M$63:M$121,$P$63:$P$121,$D15) -> 28008260
D16: 투자비용 | E16: =SUMIFS(E$63:E$121,$P$63:$P$121,$D16) -> 0 | F16: =SUMIFS(F$63:F$121,$P$63:$P$121,$D16) -> 0 | G16: =SUMIFS(G$63:G$121,$P$63:$P$121,$D16) -> 0 | H16: =SUMIFS(H$63:H$121,$P$63:$P$121,$D16) -> 0 | J16: =SUMIFS(J$63:J$121,$P$63:$P$121,$D16) -> 0 | K16: =SUMIFS(K$63:K$121,$P$63:$P$121,$D16) -> 0 | L16: =SUMIFS(L$63:L$121,$P$63:$P$121,$D16) -> 0 | M16: =SUMIFS(M$63:M$121,$P$63:$P$121,$D16) -> 0
D17: 투자손익 | E17: =E15-E16 -> 22098561 | H17: =H15-H16 -> 22098561 | J17: =J15-J16 -> 28008260 | M17: =M15-M16 -> 28008260
D18: 재무 및 법인세 전 손익 | E18: =E12+E17 -> -689894859 | H18: =H12+H17 -> -689894859 | J18: =J12+J17 -> 1366876494 | M18: =M12+M17 -> 1366876494
B20: Ⅲ. 재무 범주
D21: 재무수익 | E21: =SUMIFS(E$63:E$121,$P$63:$P$121,$D21) -> 0 | F21: =SUMIFS(F$63:F$121,$P$63:$P$121,$D21) -> 0 | G21: =SUMIFS(G$63:G$121,$P$63:$P$121,$D21) -> 0 | H21: =SUMIFS(H$63:H$121,$P$63:$P$121,$D21) -> 0 | J21: =SUMIFS(J$63:J$121,$P$63:$P$121,$D21) -> 0 | K21: =SUMIFS(K$63:K$121,$P$63:$P$121,$D21) -> 0 | L21: =SUMIFS(L$63:L$121,$P$63:$P$121,$D21) -> 0 | M21: =SUMIFS(M$63:M$121,$P$63:$P$121,$D21) -> 0
D22: 재무비용 | E22: =SUMIFS(E$63:E$121,$P$63:$P$121,$D22) -> 89862932 | F22: =SUMIFS(F$63:F$121,$P$63:$P$121,$D22) -> 9092019 | G22: =SUMIFS(G$63:G$121,$P$63:$P$121,$D22) -> 0 | H22: =SUMIFS(H$63:H$121,$P$63:$P$121,$D22) -> 98954951 | J22: =SUMIFS(J$63:J$121,$P$63:$P$121,$D22) -> 43244353 | K22: =SUMIFS(K$63:K$121,$P$63:$P$121,$D22) -> 0 | L22: =SUMIFS(L$63:L$121,$P$63:$P$121,$D22) -> 0 | M22: =SUMIFS(M$63:M$121,$P$63:$P$121,$D22) -> 43244353
D23: 재무손익 | E23: =E21-E22 -> -89862932 | H23: =H21-H22 -> -98954951 | J23: =J21-J22 -> -43244353 | M23: =M21-M22 -> -43244353
D25: 법인세비용차감전손익 | E25: =E18+E23 -> -779757791 | H25: =H18+H23 -> -788849810 | J25: =J18+J23 -> 1323632141 | M25: =M18+M23 -> 1323632141
D26: 법인세비용 | E26: =SUMIFS(E$63:E$121,$P$63:$P$121,$D26) -> 0 | F26: =SUMIFS(F$63:F$121,$P$63:$P$121,$D26) -> 0 | G26: =SUMIFS(G$63:G$121,$P$63:$P$121,$D26) -> 0 | H26: =SUMIFS(H$63:H$121,$P$63:$P$121,$D26) -> 0 | J26: =SUMIFS(J$63:J$121,$P$63:$P$121,$D26) -> 0 | K26: =SUMIFS(K$63:K$121,$P$63:$P$121,$D26) -> 0 | L26: =SUMIFS(L$63:L$121,$P$63:$P$121,$D26) -> 0 | M26: =SUMIFS(M$63:M$121,$P$63:$P$121,$D26) -> 0
D27: 당기순이익(손실) | E27: =E25-E26 -> -779757791 | H27: =H25-H26 -> -788849810 | J27: =J25-J26 -> 1323632141 | M27: =M25-M26 -> 1323632141
D28: 기타포괄손익 | E28: =SUMIFS(E$63:E$121,$P$63:$P$121,$D28) -> 0 | F28: =SUMIFS(F$63:F$121,$P$63:$P$121,$D28) -> 0 | G28: =SUMIFS(G$63:G$121,$P$63:$P$121,$D28) -> 0 | H28: =SUMIFS(H$63:H$121,$P$63:$P$121,$D28) -> 0 | J28: =SUMIFS(J$63:J$121,$P$63:$P$121,$D28) -> 0 | K28: =SUMIFS(K$63:K$121,$P$63:$P$121,$D28) -> 0 | L28: =SUMIFS(L$63:L$121,$P$63:$P$121,$D28) -> 0 | M28: =SUMIFS(M$63:M$121,$P$63:$P$121,$D28) -> 0
D29: 총포괄손익 | E29: =E27+E28 -> -779757791 | H29: =H27+H28 -> -788849810 | J29: =J27+J28 -> 1323632141 | M29: =M27+M28 -> 1323632141
B31: [검증] 기존 정산표 대비 차이 (모두 0이어야 함)
D32: 당기순이익 - 정산표 | E32: =E27-'정산표'!E197 -> 0 | H32: =H27-'정산표'!H197 -> 0 | J32: =J27-'정산표'!J197 -> 0 | M32: =M27-'정산표'!M197 -> 0
D33: 총포괄손익 - 정산표 | E33: =E29-'정산표'!E201 -> 0 | H33: =H29-'정산표'!H201 -> 0 | J33: =J29-'정산표'!J201 -> 0 | M33: =M29-'정산표'!M201 -> 0
D34: 법인세비용차감전손익 - 정산표 | E34: =E25-'정산표'!E195 -> 0 | H34: =H25-'정산표'!H195 -> 0 | J34: =J25-'정산표'!J195 -> 0 | M34: =M25-'정산표'!M195 -> 0
D35: 표시항목 미지정/오류 계정 수 | E35: =SUMPRODUCT(--ISNA(MATCH($P$63:$P$121,$D$127:$D$137,0))) -> 0
D36: 종합 검증 | E36: =IF(AND(SUMPRODUCT(ABS(E32:M34))=0,E35=0),"OK","확인필요") -> OK
B38: [조정표] 기존 영업이익 → IFRS 18 영업손익
D39: 기존 영업이익 (정산표) | E39: ='정산표'!E171 -> -686814117 | H39: ='정산표'!H171 -> -686814117 | J39: ='정산표'!J171 -> 1411714733 | M39: ='정산표'!M171 -> 1411714733
D40: (+) IFRS 18 영업 범주로 편입된 기존 영업외손익 (기타영업손익·외환손익 등) | E40: =SUMPRODUCT(($Q$63:$Q$121="영업")*($S$63:$S$121=0)*$R$63:$R$121*E$63:E$121) -> -25179303 | H40: =SUMPRODUCT(($Q$63:$Q$121="영업")*($S$63:$S$121=0)*$R$63:$R$121*H$63:H$121) -> -25179303 | J40: =SUMPRODUCT(($Q$63:$Q$121="영업")*($S$63:$S$121=0)*$R$63:$R$121*J$63:J$121) -> -72846499 | M40: =SUMPRODUCT(($Q$63:$Q$121="영업")*($S$63:$S$121=0)*$R$63:$R$121*M$63:M$121) -> -72846499
D41: (-) 영업 범주에서 제외된 기존 영업손익 | E41: =SUMPRODUCT(($Q$63:$Q$121<>"영업")*($S$63:$S$121=1)*$R$63:$R$121*E$63:E$121)*-1 -> 0 | H41: =SUMPRODUCT(($Q$63:$Q$121<>"영업")*($S$63:$S$121=1)*$R$63:$R$121*H$63:H$121)*-1 -> 0 | J41: =SUMPRODUCT(($Q$63:$Q$121<>"영업")*($S$63:$S$121=1)*$R$63:$R$121*J$63:J$121)*-1 -> 0 | M41: =SUMPRODUCT(($Q$63:$Q$121<>"영업")*($S$63:$S$121=1)*$R$63:$R$121*M$63:M$121)*-1 -> 0
D42: IFRS 18 영업손익 | E42: =E39+E40+E41 -> -711993420 | H42: =H39+H40+H41 -> -711993420 | J42: =J39+J40+J41 -> 1338868234 | M42: =M39+M40+M41 -> 1338868234
D43: 검증: 상단 영업손익과의 차이 | E43: =E42-E12 -> 0 | H43: =H42-H12 -> 0 | J43: =J42-J12 -> 0 | M43: =M42-M12 -> 0
B45: [참고] 성격별 비용 공시 자료 (IFRS 18 주석 대응용 - 판관비+제조경비 발생액 기준, 재고자산 이연분 미반영)
D46: 감가상각비 (판관비 + 제조경비) | E46: ='정산표'!E149+'정산표'!E235 -> 514853870 | F46: ='정산표'!F149+'정산표'!F235 -> 0 | G46: ='정산표'!G149+'정산표'!G235 -> 0 | H46: ='정산표'!H149+'정산표'!H235 -> 514853870 | J46: ='정산표'!J149+'정산표'!J235 -> 333241562 | K46: ='정산표'!K149+'정산표'!K235 -> 0 | L46: ='정산표'!L149+'정산표'!L235 -> 0 | M46: ='정산표'!M149+'정산표'!M235 -> 333241562
D47: 무형자산상각비 (판관비 + 제조경비) | E47: ='정산표'!E168+'정산표'!E248 -> 21529107 | F47: ='정산표'!F168+'정산표'!F248 -> 0 | G47: ='정산표'!G168+'정산표'!G248 -> 0 | H47: ='정산표'!H168+'정산표'!H248 -> 21529107 | J47: ='정산표'!J168+'정산표'!J248 -> 144426793 | K47: ='정산표'!K168+'정산표'!K248 -> 0 | L47: ='정산표'!L168+'정산표'!L248 -> 0 | M47: ='정산표'!M168+'정산표'!M248 -> 144426793
D48: 종업원급여 (급여·퇴직·해고·주식보상·복리후생·상여) | E48: ='정산표'!E138+'정산표'!E139+'정산표'!E140+'정산표'!E141+'정산표'!E142+'정산표'!E223+'정산표'!E224+'정산표'!E225+'정산표'!E226+'정산표'!E228 -> 2544058233 | F48: ='정산표'!F138+'정산표'!F139+'정산표'!F140+'정산표'!F141+'정산표'!F142+'정산표'!F223+'정산표'!F224+'정산표'!F225+'정산표'!F226+'정산표'!F228 -> 0 | G48: ='정산표'!G138+'정산표'!G139+'정산표'!G140+'정산표'!G141+'정산표'!G142+'정산표'!G223+'정산표'!G224+'정산표'!G225+'정산표'!G226+'정산표'!G228 -> 0 | H48: ='정산표'!H138+'정산표'!H139+'정산표'!H140+'정산표'!H141+'정산표'!H142+'정산표'!H223+'정산표'!H224+'정산표'!H225+'정산표'!H226+'정산표'!H228 -> 2544058233 | J48: ='정산표'!J138+'정산표'!J139+'정산표'!J140+'정산표'!J141+'정산표'!J142+'정산표'!J223+'정산표'!J224+'정산표'!J225+'정산표'!J226+'정산표'!J228 -> 2491017435 | K48: ='정산표'!K138+'정산표'!K139+'정산표'!K140+'정산표'!K141+'정산표'!K142+'정산표'!K223+'정산표'!K224+'정산표'!K225+'정산표'!K226+'정산표'!K228 -> 0 | L48: ='정산표'!L138+'정산표'!L139+'정산표'!L140+'정산표'!L141+'정산표'!L142+'정산표'!L223+'정산표'!L224+'정산표'!L225+'정산표'!L226+'정산표'!L228 -> 0 | M48: ='정산표'!M138+'정산표'!M139+'정산표'!M140+'정산표'!M141+'정산표'!M142+'정산표'!M223+'정산표'!M224+'정산표'!M225+'정산표'!M226+'정산표'!M228 -> 2491017435
D49: 재고자산평가손실 (제품·상품·재료) | E49: ='정산표'!E123+'정산표'!E130+'정산표'!E213-'정산표'!E214+'정산표'!E220 -> 131193174 | F49: ='정산표'!F123+'정산표'!F130+'정산표'!F213-'정산표'!F214+'정산표'!F220 -> 0 | G49: ='정산표'!G123+'정산표'!G130+'정산표'!G213-'정산표'!G214+'정산표'!G220 -> 0 | H49: ='정산표'!H123+'정산표'!H130+'정산표'!H213-'정산표'!H214+'정산표'!H220 -> 131193174 | J49: ='정산표'!J123+'정산표'!J130+'정산표'!J213-'정산표'!J214+'정산표'!J220 -> 15216604 | K49: ='정산표'!K123+'정산표'!K130+'정산표'!K213-'정산표'!K214+'정산표'!K220 -> 0 | L49: ='정산표'!L123+'정산표'!L130+'정산표'!L213-'정산표'!L214+'정산표'!L220 -> 0 | M49: ='정산표'!M123+'정산표'!M130+'정산표'!M213-'정산표'!M214+'정산표'!M220 -> 15216604
B51: [범례]
D52: 파란글씨·노란 배경 = 입력(변경 가능) 셀 (부록 1의 P열 표시항목)
D53: 검정 글씨 = 수식 (기존 [정산표] 시트 연동, 직접 수정 금지)
D54: 당기 F·G열(차변/대변) 및 전기 K·L열은 계정별 AJE 합계이며 소계 행에는 표시하지 않음 (기존 정산표와 동일)
D55: 가정: 외환차손익·외화환산손익은 IFRS 18 (원가/노력 과다 시 영업 범주 분류) 단순화 가정에 따라 영업 범주로 분류 → 차입금 관련분이 식별되면 P열을 재무비용/재무수익으로 변경
D56: 가정: 이자수익은 투자 범주(현금및현금성자산 등), 이자비용은 재무 범주, 종속·관계기업투자 손상/처분손익 및 FVTPL 평가손익은 투자 범주로 분류 (회사 주된 사업활동 아님을 전제)
B61: [부록 1] 계정별 IFRS 18 표시항목 매핑 (P열을 변경하면 상단 손익계산서가 자동 갱신)
B62: Code | D62: 계정과목 | E62: 수정전 | F62: 차변 | G62: 대변 | H62: 수정후 | J62: 수정전 | K62: 차변 | L62: 대변 | M62: 수정후 | O62: 기존 정산표 구분 | P62: IFRS 18 표시항목 | Q62: IFRS 18 구분 | R62: 부호 | S62: 기존영업(1/0)
B63: =IF('정산표'!B114="","",'정산표'!B114) -> 40100 | D63: ='정산표'!D114 -> 상품매출 | E63: ='정산표'!E114 -> 278070981 | F63: ='정산표'!F114 -> 0 | G63: ='정산표'!G114 -> 0 | H63: ='정산표'!H114 -> 278070981 | J63: ='정산표'!J114 -> 72357415 | K63: ='정산표'!K114 -> 0 | L63: ='정산표'!L114 -> 0 | M63: ='정산표'!M114 -> 72357415 | O63: 매출액 | P63: 매출액 | Q63: =IFERROR(INDEX($E$127:$E$137,MATCH(P63,$D$127:$D$137,0)),"오류") -> 영업 | R63: =IFERROR(INDEX($F$127:$F$137,MATCH(P63,$D$127:$D$137,0)),0) -> 1 | S63: =IF(OR(O63="매출액",O63="매출원가",O63="판매비와관리비"),1,0) -> 1
B64: =IF('정산표'!B115="","",'정산표'!B115) -> 40400 | D64: ='정산표'!D115 -> 제품매출 | E64: ='정산표'!E115 -> 7974892686 | F64: ='정산표'!F115 -> 0 | G64: ='정산표'!G115 -> 0 | H64: ='정산표'!H115 -> 7974892686 | J64: ='정산표'!J115 -> 8701040737 | K64: ='정산표'!K115 -> 0 | L64: ='정산표'!L115 -> 0 | M64: ='정산표'!M115 -> 8701040737 | O64: 매출액 | P64: 매출액 | Q64: =IFERROR(INDEX($E$127:$E$137,MATCH(P64,$D$127:$D$137,0)),"오류") -> 영업 | R64: =IFERROR(INDEX($F$127:$F$137,MATCH(P64,$D$127:$D$137,0)),0) -> 1 | S64: =IF(OR(O64="매출액",O64="매출원가",O64="판매비와관리비"),1,0) -> 1
B65: =IF('정산표'!B116="","",'정산표'!B116) -> 41300 | D65: ='정산표'!D116 -> 식음료매출 | E65: ='정산표'!E116 -> 35207020 | F65: ='정산표'!F116 -> 0 | G65: ='정산표'!G116 -> 0 | H65: ='정산표'!H116 -> 35207020 | J65: ='정산표'!J116 -> 44028845 | K65: ='정산표'!K116 -> 0 | L65: ='정산표'!L116 -> 0 | M65: ='정산표'!M116 -> 44028845 | O65: 매출액 | P65: 매출액 | Q65: =IFERROR(INDEX($E$127:$E$137,MATCH(P65,$D$127:$D$137,0)),"오류") -> 영업 | R65: =IFERROR(INDEX($F$127:$F$137,MATCH(P65,$D$127:$D$137,0)),0) -> 1 | S65: =IF(OR(O65="매출액",O65="매출원가",O65="판매비와관리비"),1,0) -> 1
B66: =IF('정산표'!B117="","",'정산표'!B117) | D66: ='정산표'!D117 -> 매출원가 | E66: ='정산표'!E117 -> 3596633522 | F66: ='정산표'!F117 -> 0 | G66: ='정산표'!G117 -> 0 | H66: ='정산표'!H117 -> 3596633522 | J66: ='정산표'!J117 -> 3527195264 | K66: ='정산표'!K117 -> 0 | L66: ='정산표'!L117 -> 0 | M66: ='정산표'!M117 -> 3527195264 | O66: 매출원가 | P66: 매출원가 | Q66: =IFERROR(INDEX($E$127:$E$137,MATCH(P66,$D$127:$D$137,0)),"오류") -> 영업 | R66: =IFERROR(INDEX($F$127:$F$137,MATCH(P66,$D$127:$D$137,0)),0) -> -1 | S66: =IF(OR(O66="매출액",O66="매출원가",O66="판매비와관리비"),1,0) -> 1
B67: =IF('정산표'!B138="","",'정산표'!B138) -> 80200 | D67: ='정산표'!D138 -> 급여 | E67: ='정산표'!E138 -> 1192275225 | F67: ='정산표'!F138 -> 0 | G67: ='정산표'!G138 -> 0 | H67: ='정산표'!H138 -> 1192275225 | J67: ='정산표'!J138 -> 1310935710 | K67: ='정산표'!K138 -> 0 | L67: ='정산표'!L138 -> 0 | M67: ='정산표'!M138 -> 1310935710 | O67: 판매비와관리비 | P67: 판매비와관리비 | Q67: =IFERROR(INDEX($E$127:$E$137,MATCH(P67,$D$127:$D$137,0)),"오류") -> 영업 | R67: =IFERROR(INDEX($F$127:$F$137,MATCH(P67,$D$127:$D$137,0)),0) -> -1 | S67: =IF(OR(O67="매출액",O67="매출원가",O67="판매비와관리비"),1,0) -> 1
B68: =IF('정산표'!B139="","",'정산표'!B139) -> 80800 | D68: ='정산표'!D139 -> 퇴직급여 | E68: ='정산표'!E139 -> 110359296 | F68: ='정산표'!F139 -> 0 | G68: ='정산표'!G139 -> 0 | H68: ='정산표'!H139 -> 110359296 | J68: ='정산표'!J139 -> 104651910 | K68: ='정산표'!K139 -> 0 | L68: ='정산표'!L139 -> 0 | M68: ='정산표'!M139 -> 104651910 | O68: 판매비와관리비 | P68: 판매비와관리비 | Q68: =IFERROR(INDEX($E$127:$E$137,MATCH(P68,$D$127:$D$137,0)),"오류") -> 영업 | R68: =IFERROR(INDEX($F$127:$F$137,MATCH(P68,$D$127:$D$137,0)),0) -> -1 | S68: =IF(OR(O68="매출액",O68="매출원가",O68="판매비와관리비"),1,0) -> 1
B69: =IF('정산표'!B140="","",'정산표'!B140) -> 85200 | D69: ='정산표'!D140 -> 해고급여 | E69: ='정산표'!E140 -> 45930430 | F69: ='정산표'!F140 -> 0 | G69: ='정산표'!G140 -> 0 | H69: ='정산표'!H140 -> 45930430 | J69: ='정산표'!J140 -> 0 | K69: ='정산표'!K140 -> 0 | L69: ='정산표'!L140 -> 0 | M69: ='정산표'!M140 -> 0 | O69: 판매비와관리비 | P69: 판매비와관리비 | Q69: =IFERROR(INDEX($E$127:$E$137,MATCH(P69,$D$127:$D$137,0)),"오류") -> 영업 | R69: =IFERROR(INDEX($F$127:$F$137,MATCH(P69,$D$127:$D$137,0)),0) -> -1 | S69: =IF(OR(O69="매출액",O69="매출원가",O69="판매비와관리비"),1,0) -> 1
B70: =IF('정산표'!B141="","",'정산표'!B141) -> 81000 | D70: ='정산표'!D141 -> 주식보상비 | E70: ='정산표'!E141 -> 0 | F70: ='정산표'!F141 -> 0 | G70: ='정산표'!G141 -> 0 | H70: ='정산표'!H141 -> 0 | J70: ='정산표'!J141 -> 0 | K70: ='정산표'!K141 -> 0 | L70: ='정산표'!L141 -> 0 | M70: ='정산표'!M141 -> 0 | O70: 판매비와관리비 | P70: 판매비와관리비 | Q70: =IFERROR(INDEX($E$127:$E$137,MATCH(P70,$D$127:$D$137,0)),"오류") -> 영업 | R70: =IFERROR(INDEX($F$127:$F$137,MATCH(P70,$D$127:$D$137,0)),0) -> -1 | S70: =IF(OR(O70="매출액",O70="매출원가",O70="판매비와관리비"),1,0) -> 1
B71: =IF('정산표'!B142="","",'정산표'!B142) -> 81100 | D71: ='정산표'!D142 -> 복리후생비 | E71: ='정산표'!E142 -> 187719099 | F71: ='정산표'!F142 -> 0 | G71: ='정산표'!G142 -> 0 | H71: ='정산표'!H142 -> 187719099 | J71: ='정산표'!J142 -> 186599937 | K71: ='정산표'!K142 -> 0 | L71: ='정산표'!L142 -> 0 | M71: ='정산표'!M142 -> 186599937 | O71: 판매비와관리비 | P71: 판매비와관리비 | Q71: =IFERROR(INDEX($E$127:$E$137,MATCH(P71,$D$127:$D$137,0)),"오류") -> 영업 | R71: =IFERROR(INDEX($F$127:$F$137,MATCH(P71,$D$127:$D$137,0)),0) -> -1 | S71: =IF(OR(O71="매출액",O71="매출원가",O71="판매비와관리비"),1,0) -> 1
B72: =IF('정산표'!B143="","",'정산표'!B143) -> 81200 | D72: ='정산표'!D143 -> 여비교통비 | E72: ='정산표'!E143 -> 224812833 | F72: ='정산표'!F143 -> 0 | G72: ='정산표'!G143 -> 0 | H72: ='정산표'!H143 -> 224812833 | J72: ='정산표'!J143 -> 285932715 | K72: ='정산표'!K143 -> 0 | L72: ='정산표'!L143 -> 0 | M72: ='정산표'!M143 -> 285932715 | O72: 판매비와관리비 | P72: 판매비와관리비 | Q72: =IFERROR(INDEX($E$127:$E$137,MATCH(P72,$D$127:$D$137,0)),"오류") -> 영업 | R72: =IFERROR(INDEX($F$127:$F$137,MATCH(P72,$D$127:$D$137,0)),0) -> -1 | S72: =IF(OR(O72="매출액",O72="매출원가",O72="판매비와관리비"),1,0) -> 1
B73: =IF('정산표'!B144="","",'정산표'!B144) -> 81300 | D73: ='정산표'!D144 -> 접대비 | E73: ='정산표'!E144 -> 25692474 | F73: ='정산표'!F144 -> 0 | G73: ='정산표'!G144 -> 0 | H73: ='정산표'!H144 -> 25692474 | J73: ='정산표'!J144 -> 78340966 | K73: ='정산표'!K144 -> 0 | L73: ='정산표'!L144 -> 0 | M73: ='정산표'!M144 -> 78340966 | O73: 판매비와관리비 | P73: 판매비와관리비 | Q73: =IFERROR(INDEX($E$127:$E$137,MATCH(P73,$D$127:$D$137,0)),"오류") -> 영업 | R73: =IFERROR(INDEX($F$127:$F$137,MATCH(P73,$D$127:$D$137,0)),0) -> -1 | S73: =IF(OR(O73="매출액",O73="매출원가",O73="판매비와관리비"),1,0) -> 1
B74: =IF('정산표'!B145="","",'정산표'!B145) -> 81400 | D74: ='정산표'!D145 -> 통신비 | E74: ='정산표'!E145 -> 8042843 | F74: ='정산표'!F145 -> 0 | G74: ='정산표'!G145 -> 0 | H74: ='정산표'!H145 -> 8042843 | J74: ='정산표'!J145 -> 7473322 | K74: ='정산표'!K145 -> 0 | L74: ='정산표'!L145 -> 0 | M74: ='정산표'!M145 -> 7473322 | O74: 판매비와관리비 | P74: 판매비와관리비 | Q74: =IFERROR(INDEX($E$127:$E$137,MATCH(P74,$D$127:$D$137,0)),"오류") -> 영업 | R74: =IFERROR(INDEX($F$127:$F$137,MATCH(P74,$D$127:$D$137,0)),0) -> -1 | S74: =IF(OR(O74="매출액",O74="매출원가",O74="판매비와관리비"),1,0) -> 1
B75: =IF('정산표'!B146="","",'정산표'!B146) -> 81500 | D75: ='정산표'!D146 -> 수도광열비 | E75: ='정산표'!E146 -> 2933840 | F75: ='정산표'!F146 -> 0 | G75: ='정산표'!G146 -> 0 | H75: ='정산표'!H146 -> 2933840 | J75: ='정산표'!J146 -> 2671110 | K75: ='정산표'!K146 -> 0 | L75: ='정산표'!L146 -> 0 | M75: ='정산표'!M146 -> 2671110 | O75: 판매비와관리비 | P75: 판매비와관리비 | Q75: =IFERROR(INDEX($E$127:$E$137,MATCH(P75,$D$127:$D$137,0)),"오류") -> 영업 | R75: =IFERROR(INDEX($F$127:$F$137,MATCH(P75,$D$127:$D$137,0)),0) -> -1 | S75: =IF(OR(O75="매출액",O75="매출원가",O75="판매비와관리비"),1,0) -> 1
B76: =IF('정산표'!B147="","",'정산표'!B147) -> 81600 | D76: ='정산표'!D147 -> 전력비 | E76: ='정산표'!E147 -> 3879022 | F76: ='정산표'!F147 -> 0 | G76: ='정산표'!G147 -> 0 | H76: ='정산표'!H147 -> 3879022 | J76: ='정산표'!J147 -> 3182290 | K76: ='정산표'!K147 -> 0 | L76: ='정산표'!L147 -> 0 | M76: ='정산표'!M147 -> 3182290 | O76: 판매비와관리비 | P76: 판매비와관리비 | Q76: =IFERROR(INDEX($E$127:$E$137,MATCH(P76,$D$127:$D$137,0)),"오류") -> 영업 | R76: =IFERROR(INDEX($F$127:$F$137,MATCH(P76,$D$127:$D$137,0)),0) -> -1 | S76: =IF(OR(O76="매출액",O76="매출원가",O76="판매비와관리비"),1,0) -> 1
B77: =IF('정산표'!B148="","",'정산표'!B148) -> 81700 | D77: ='정산표'!D148 -> 세금과공과금 | E77: ='정산표'!E148 -> 8506220 | F77: ='정산표'!F148 -> 0 | G77: ='정산표'!G148 -> 0 | H77: ='정산표'!H148 -> 8506220 | J77: ='정산표'!J148 -> 9688630 | K77: ='정산표'!K148 -> 0 | L77: ='정산표'!L148 -> 0 | M77: ='정산표'!M148 -> 9688630 | O77: 판매비와관리비 | P77: 판매비와관리비 | Q77: =IFERROR(INDEX($E$127:$E$137,MATCH(P77,$D$127:$D$137,0)),"오류") -> 영업 | R77: =IFERROR(INDEX($F$127:$F$137,MATCH(P77,$D$127:$D$137,0)),0) -> -1 | S77: =IF(OR(O77="매출액",O77="매출원가",O77="판매비와관리비"),1,0) -> 1
B78: =IF('정산표'!B149="","",'정산표'!B149) -> 81800 | D78: ='정산표'!D149 -> 감가상각비 | E78: ='정산표'!E149 -> 119880341 | F78: ='정산표'!F149 -> 0 | G78: ='정산표'!G149 -> 0 | H78: ='정산표'!H149 -> 119880341 | J78: ='정산표'!J149 -> 84937975 | K78: ='정산표'!K149 -> 0 | L78: ='정산표'!L149 -> 0 | M78: ='정산표'!M149 -> 84937975 | O78: 판매비와관리비 | P78: 판매비와관리비 | Q78: =IFERROR(INDEX($E$127:$E$137,MATCH(P78,$D$127:$D$137,0)),"오류") -> 영업 | R78: =IFERROR(INDEX($F$127:$F$137,MATCH(P78,$D$127:$D$137,0)),0) -> -1 | S78: =IF(OR(O78="매출액",O78="매출원가",O78="판매비와관리비"),1,0) -> 1
... B99: =IF('정산표'!B170="","",'정산표'!B170) -> 85100 | D99: ='정산표'!D170 -> 인력개발비 | E99: ='정산표'!E170 -> 1380000 | F99: ='정산표'!F170 -> 0 | G99: ='정산표'!G170 -> 0 | H99: ='정산표'!H170 -> 1380000 | J99: ='정산표'!J170 -> 1378699 | K99: ='정산표'!K170 -> 0 | L99: ='정산표'!L170 -> 0 | M99: ='정산표'!M170 -> 1378699 | O99: 판매비와관리비 | P99: 판매비와관리비 | Q99: =IFERROR(INDEX($E$127:$E$137,MATCH(P99,$D$127:$D$137,0)),"오류") -> 영업 | R99: =IFERROR(INDEX($F$127:$F$137,MATCH(P99,$D$127:$D$137,0)),0) -> -1 | S99: =IF(OR(O99="매출액",O99="매출원가",O99="판매비와관리비"),1,0) -> 1
B100: =IF('정산표'!B173="","",'정산표'!B173) -> 90500 | D100: ='정산표'!D173 -> 기타의대손상각비환입 | E100: ='정산표'!E173 -> 3000000 | F100: ='정산표'!F173 -> 0 | G100: ='정산표'!G173 -> 0 | H100: ='정산표'!H173 -> 3000000 | J100: ='정산표'!J173 -> 3000000 | K100: ='정산표'!K173 -> 0 | L100: ='정산표'!L173 -> 0 | M100: ='정산표'!M173 -> 3000000 | O100: 기타영업수익 | P100: 기타영업수익 | Q100: =IFERROR(INDEX($E$127:$E$137,MATCH(P100,$D$127:$D$137,0)),"오류") -> 영업 | R100: =IFERROR(INDEX($F$127:$F$137,MATCH(P100,$D$127:$D$137,0)),0) -> 1 | S100: =IF(OR(O100="매출액",O100="매출원가",O100="판매비와관리비"),1,0) -> 0
B101: =IF('정산표'!B174="","",'정산표'!B174) | D101: ='정산표'!D174 -> 외화환산손실(기타) | E101: ='정산표'!E174 -> 0 | F101: ='정산표'!F174 -> 0 | G101: ='정산표'!G174 -> 0 | H101: ='정산표'!H174 -> 0 | J101: ='정산표'!J174 -> 0 | K101: ='정산표'!K174 -> 0 | L101: ='정산표'!L174 -> 0 | M101: ='정산표'!M174 -> 0 | O101: 기타영업수익 | P101: 기타영업수익 | Q101: =IFERROR(INDEX($E$127:$E$137,MATCH(P101,$D$127:$D$137,0)),"오류") -> 영업 | R101: =IFERROR(INDEX($F$127:$F$137,MATCH(P101,$D$127:$D$137,0)),0) -> 1 | S101: =IF(OR(O101="매출액",O101="매출원가",O101="판매비와관리비"),1,0) -> 0
B102: =IF('정산표'!B175="","",'정산표'!B175) -> 91400 | D102: ='정산표'!D175 -> 유형자산처분이익 | E102: ='정산표'!E175 -> 1202135 | F102: ='정산표'!F175 -> 0 | G102: ='정산표'!G175 -> 0 | H102: ='정산표'!H175 -> 1202135 | J102: ='정산표'!J175 -> 1054000 | K102: ='정산표'!K175 -> 0 | L102: ='정산표'!L175 -> 0 | M102: ='정산표'!M175 -> 1054000 | O102: 기타영업수익 | P102: 기타영업수익 | Q102: =IFERROR(INDEX($E$127:$E$137,MATCH(P102,$D$127:$D$137,0)),"오류") -> 영업 | R102: =IFERROR(INDEX($F$127:$F$137,MATCH(P102,$D$127:$D$137,0)),0) -> 1 | S102: =IF(OR(O102="매출액",O102="매출원가",O102="판매비와관리비"),1,0) -> 0
B103: =IF('정산표'!B176="","",'정산표'!B176) | D103: ='정산표'!D176 -> 종속기업투자주식손상차손환입 | E103: ='정산표'!E176 -> 0 | F103: ='정산표'!F176 -> 0 | G103: ='정산표'!G176 -> 0 | H103: ='정산표'!H176 -> 0 | J103: ='정산표'!J176 -> 0 | K103: ='정산표'!K176 -> 0 | L103: ='정산표'!L176 -> 0 | M103: ='정산표'!M176 -> 0 | O103: 기타영업수익 | P103: 투자수익 | Q103: =IFERROR(INDEX($E$127:$E$137,MATCH(P103,$D$127:$D$137,0)),"오류") -> 투자 | R103: =IFERROR(INDEX($F$127:$F$137,MATCH(P103,$D$127:$D$137,0)),0) -> 1 | S103: =IF(OR(O103="매출액",O103="매출원가",O103="판매비와관리비"),1,0) -> 0
B104: =IF('정산표'!B177="","",'정산표'!B177) -> 93000 | D104: ='정산표'!D177 -> 잡이익 | E104: ='정산표'!E177 -> 193864 | F104: ='정산표'!F177 -> 0 | G104: ='정산표'!G177 -> 0 | H104: ='정산표'!H177 -> 193864 | J104: ='정산표'!J177 -> 3903022 | K104: ='정산표'!K177 -> 0 | L104: ='정산표'!L177 -> 0 | M104: ='정산표'!M177 -> 3903022 | O104: 기타영업수익 | P104: 기타영업수익 | Q104: =IFERROR(INDEX($E$127:$E$137,MATCH(P104,$D$127:$D$137,0)),"오류") -> 영업 | R104: =IFERROR(INDEX($F$127:$F$137,MATCH(P104,$D$127:$D$137,0)),0) -> 1 | S104: =IF(OR(O104="매출액",O104="매출원가",O104="판매비와관리비"),1,0) -> 0
B105: =IF('정산표'!B179="","",'정산표'!B179) -> 95400 | D105: ='정산표'!D179 -> 기타의대손상각비 | E105: ='정산표'!E179 -> 0 | F105: ='정산표'!F179 -> 0 | G105: ='정산표'!G179 -> 0 | H105: ='정산표'!H179 -> 0 | J105: ='정산표'!J179 -> 0 | K105: ='정산표'!K179 -> 0 | L105: ='정산표'!L179 -> 0 | M105: ='정산표'!M179 -> 0 | O105: 기타영업비용 | P105: 기타영업비용 | Q105: =IFERROR(INDEX($E$127:$E$137,MATCH(P105,$D$127:$D$137,0)),"오류") -> 영업 | R105: =IFERROR(INDEX($F$127:$F$137,MATCH(P105,$D$127:$D$137,0)),0) -> -1 | S105: =IF(OR(O105="매출액",O105="매출원가",O105="판매비와관리비"),1,0) -> 0
B106: =IF('정산표'!B180="","",'정산표'!B180) -> 93300 | D106: ='정산표'!D180 -> 기부금 | E106: ='정산표'!E180 -> 0 | F106: ='정산표'!F180 -> 0 | G106: ='정산표'!G180 -> 0 | H106: ='정산표'!H180 -> 0 | J106: ='정산표'!J180 -> 0 | K106: ='정산표'!K180 -> 0 | L106: ='정산표'!L180 -> 0 | M106: ='정산표'!M180 -> 0 | O106: 기타영업비용 | P106: 기타영업비용 | Q106: =IFERROR(INDEX($E$127:$E$137,MATCH(P106,$D$127:$D$137,0)),"오류") -> 영업 | R106: =IFERROR(INDEX($F$127:$F$137,MATCH(P106,$D$127:$D$137,0)),0) -> -1 | S106: =IF(OR(O106="매출액",O106="매출원가",O106="판매비와관리비"),1,0) -> 0
B107: =IF('정산표'!B181="","",'정산표'!B181) -> 95300 | D107: ='정산표'!D181 -> 관계기업투자주식처분손실 | E107: ='정산표'!E181 -> 0 | F107: ='정산표'!F181 -> 0 | G107: ='정산표'!G181 -> 0 | H107: ='정산표'!H181 -> 0 | J107: ='정산표'!J181 -> 0 | K107: ='정산표'!K181 -> 0 | L107: ='정산표'!L181 -> 0 | M107: ='정산표'!M181 -> 0 | O107: 기타영업비용 | P107: 투자비용 | Q107: =IFERROR(INDEX($E$127:$E$137,MATCH(P107,$D$127:$D$137,0)),"오류") -> 투자 | R107: =IFERROR(INDEX($F$127:$F$137,MATCH(P107,$D$127:$D$137,0)),0) -> -1 | S107: =IF(OR(O107="매출액",O107="매출원가",O107="판매비와관리비"),1,0) -> 0
B108: =IF('정산표'!B182="","",'정산표'!B182) -> 93600 | D108: ='정산표'!D182 -> 유 형 자산처분손실 | E108: ='정산표'!E182 -> 4825402 | F108: ='정산표'!F182 -> 0 | G108: ='정산표'!G182 -> 0 | H108: ='정산표'!H182 -> 4825402 | J108: ='정산표'!J182 -> 3098042 | K108: ='정산표'!K182 -> 0 | L108: ='정산표'!L182 -> 0 | M108: ='정산표'!M182 -> 3098042 | O108: 기타영업비용 | P108: 기타영업비용 | Q108: =IFERROR(INDEX($E$127:$E$137,MATCH(P108,$D$127:$D$137,0)),"오류") -> 영업 | R108: =IFERROR(INDEX($F$127:$F$137,MATCH(P108,$D$127:$D$137,0)),0) -> -1 | S108: =IF(OR(O108="매출액",O108="매출원가",O108="판매비와관리비"),1,0) -> 0
B109: =IF('정산표'!B183="","",'정산표'!B183) -> 95200 | D109: ='정산표'!D183 -> 종속기업투자손상차손 | E109: ='정산표'!E183 -> 0 | F109: ='정산표'!F183 -> 0 | G109: ='정산표'!G183 -> 0 | H109: ='정산표'!H183 -> 0 | J109: ='정산표'!J183 -> 0 | K109: ='정산표'!K183 -> 0 | L109: ='정산표'!L183 -> 0 | M109: ='정산표'!M183 -> 0 | O109: 기타영업비용 | P109: 투자비용 | Q109: =IFERROR(INDEX($E$127:$E$137,MATCH(P109,$D$127:$D$137,0)),"오류") -> 투자 | R109: =IFERROR(INDEX($F$127:$F$137,MATCH(P109,$D$127:$D$137,0)),0) -> -1 | S109: =IF(OR(O109="매출액",O109="매출원가",O109="판매비와관리비"),1,0) -> 0
B110: =IF('정산표'!B184="","",'정산표'!B184) -> 93700 | D110: ='정산표'!D184 -> 보상비 | E110: ='정산표'!E184 -> 0 | F110: ='정산표'!F184 -> 0 | G110: ='정산표'!G184 -> 0 | H110: ='정산표'!H184 -> 0 | J110: ='정산표'!J184 -> 0 | K110: ='정산표'!K184 -> 0 | L110: ='정산표'!L184 -> 0 | M110: ='정산표'!M184 -> 0 | O110: 기타영업비용 | P110: 기타영업비용 | Q110: =IFERROR(INDEX($E$127:$E$137,MATCH(P110,$D$127:$D$137,0)),"오류") -> 영업 | R110: =IFERROR(INDEX($F$127:$F$137,MATCH(P110,$D$127:$D$137,0)),0) -> -1 | S110: =IF(OR(O110="매출액",O110="매출원가",O110="판매비와관리비"),1,0) -> 0
B111: =IF('정산표'!B185="","",'정산표'!B185) -> 96000 | D111: ='정산표'!D185 -> 잡손실 | E111: ='정산표'!E185 -> 210 | F111: ='정산표'!F185 -> 0 | G111: ='정산표'!G185 -> 0 | H111: ='정산표'!H185 -> 210 | J111: ='정산표'!J185 -> 59964 | K111: ='정산표'!K185 -> 0 | L111: ='정산표'!L185 -> 0 | M111: ='정산표'!M185 -> 59964 | O111: 기타영업비용 | P111: 기타영업비용 | Q111: =IFERROR(INDEX($E$127:$E$137,MATCH(P111,$D$127:$D$137,0)),"오류") -> 영업 | R111: =IFERROR(INDEX($F$127:$F$137,MATCH(P111,$D$127:$D$137,0)),0) -> -1 | S111: =IF(OR(O111="매출액",O111="매출원가",O111="판매비와관리비"),1,0) -> 0
B112: =IF('정산표'!B187="","",'정산표'!B187) -> 90100 | D112: ='정산표'!D187 -> 이자수익 | E112: ='정산표'!E187 -> 22098561 | F112: ='정산표'!F187 -> 0 | G112: ='정산표'!G187 -> 0 | H112: ='정산표'!H187 -> 22098561 | J112: ='정산표'!J187 -> 28008260 | K112: ='정산표'!K187 -> 0 | L112: ='정산표'!L187 -> 0 | M112: ='정산표'!M187 -> 28008260 | O112: 금융수익 | P112: 투자수익 | Q112: =IFERROR(INDEX($E$127:$E$137,MATCH(P112,$D$127:$D$137,0)),"오류") -> 투자 | R112: =IFERROR(INDEX($F$127:$F$137,MATCH(P112,$D$127:$D$137,0)),0) -> 1 | S112: =IF(OR(O112="매출액",O112="매출원가",O112="판매비와관리비"),1,0) -> 0
B113: =IF('정산표'!B188="","",'정산표'!B188) -> 90700 | D113: ='정산표'!D188 -> 외환차익 | E113: ='정산표'!E188 -> 109841433 | F113: ='정산표'!F188 -> 0 | G113: ='정산표'!G188 -> 0 | H113: ='정산표'!H188 -> 109841433 | J113: ='정산표'!J188 -> 20481765 | K113: ='정산표'!K188 -> 0 | L113: ='정산표'!L188 -> 0 | M113: ='정산표'!M188 -> 20481765 | O113: 금융수익 | P113: 기타영업수익 | Q113: =IFERROR(INDEX($E$127:$E$137,MATCH(P113,$D$127:$D$137,0)),"오류") -> 영업 | R113: =IFERROR(INDEX($F$127:$F$137,MATCH(P113,$D$127:$D$137,0)),0) -> 1 | S113: =IF(OR(O113="매출액",O113="매출원가",O113="판매비와관리비"),1,0) -> 0
B114: =IF('정산표'!B189="","",'정산표'!B189) -> 91000 | D114: ='정산표'!D189 -> 외화환산이익 | E114: ='정산표'!E189 -> 37603839 | F114: ='정산표'!F189 -> 0 | G114: ='정산표'!G189 -> 0 | H114: ='정산표'!H189 -> 37603839 | J114: ='정산표'!J189 -> 3042 | K114: ='정산표'!K189 -> 0 | L114: ='정산표'!L189 -> 0 | M114: ='정산표'!M189 -> 3042 | O114: 금융수익 | P114: 기타영업수익 | Q114: =IFERROR(INDEX($E$127:$E$137,MATCH(P114,$D$127:$D$137,0)),"오류") -> 영업 | R114: =IFERROR(INDEX($F$127:$F$137,MATCH(P114,$D$127:$D$137,0)),0) -> 1 | S114: =IF(OR(O114="매출액",O114="매출원가",O114="판매비와관리비"),1,0) -> 0
B115: =IF('정산표'!B191="","",'정산표'!B191) -> 93100 | D115: ='정산표'!D191 -> 이자비용 | E115: ='정산표'!E191 -> 89862932 | F115: ='정산표'!F191 -> 9092019 | G115: ='정산표'!G191 -> 0 | H115: ='정산표'!H191 -> 98954951 | J115: ='정산표'!J191 -> 43244353 | K115: ='정산표'!K191 -> 0 | L115: ='정산표'!L191 -> 0 | M115: ='정산표'!M191 -> 43244353 | O115: 금융비용 | P115: 재무비용 | Q115: =IFERROR(INDEX($E$127:$E$137,MATCH(P115,$D$127:$D$137,0)),"오류") -> 재무 | R115: =IFERROR(INDEX($F$127:$F$137,MATCH(P115,$D$127:$D$137,0)),0) -> -1 | S115: =IF(OR(O115="매출액",O115="매출원가",O115="판매비와관리비"),1,0) -> 0
B116: =IF('정산표'!B192="","",'정산표'!B192) -> 93800 | D116: ='정산표'!D192 -> 당기손익-공정가치측정금융자산평가손실 | E116: ='정산표'!E192 -> 0 | F116: ='정산표'!F192 -> 0 | G116: ='정산표'!G192 -> 0 | H116: ='정산표'!H192 -> 0 | J116: ='정산표'!J192 -> 0 | K116: ='정산표'!K192 -> 0 | L116: ='정산표'!L192 -> 0 | M116: ='정산표'!M192 -> 0 | O116: 금융비용 | P116: 투자비용 | Q116: =IFERROR(INDEX($E$127:$E$137,MATCH(P116,$D$127:$D$137,0)),"오류") -> 투자 | R116: =IFERROR(INDEX($F$127:$F$137,MATCH(P116,$D$127:$D$137,0)),0) -> -1 | S116: =IF(OR(O116="매출액",O116="매출원가",O116="판매비와관리비"),1,0) -> 0
B117: =IF('정산표'!B193="","",'정산표'!B193) -> 93200 | D117: ='정산표'!D193 -> 외환차손 | E117: ='정산표'!E193 -> 172194962 | F117: ='정산표'!F193 -> 0 | G117: ='정산표'!G193 -> 0 | H117: ='정산표'!H193 -> 172194962 | J117: ='정산표'!J193 -> 40925617 | K117: ='정산표'!K193 -> 0 | L117: ='정산표'!L193 -> 0 | M117: ='정산표'!M193 -> 40925617 | O117: 금융비용 | P117: 기타영업비용 | Q117: =IFERROR(INDEX($E$127:$E$137,MATCH(P117,$D$127:$D$137,0)),"오류") -> 영업 | R117: =IFERROR(INDEX($F$127:$F$137,MATCH(P117,$D$127:$D$137,0)),0) -> -1 | S117: =IF(OR(O117="매출액",O117="매출원가",O117="판매비와관리비"),1,0) -> 0
B118: =IF('정산표'!B194="","",'정산표'!B194) -> 93500 | D118: ='정산표'!D194 -> 외화환산손실 | E118: ='정산표'!E194 -> 0 | F118: ='정산표'!F194 -> 0 | G118: ='정산표'!G194 -> 0 | H118: ='정산표'!H194 -> 0 | J118: ='정산표'!J194 -> 57204705 | K118: ='정산표'!K194 -> 0 | L118: ='정산표'!L194 -> 0 | M118: ='정산표'!M194 -> 57204705 | O118: 금융비용 | P118: 기타영업비용 | Q118: =IFERROR(INDEX($E$127:$E$137,MATCH(P118,$D$127:$D$137,0)),"오류") -> 영업 | R118: =IFERROR(INDEX($F$127:$F$137,MATCH(P118,$D$127:$D$137,0)),0) -> -1 | S118: =IF(OR(O118="매출액",O118="매출원가",O118="판매비와관리비"),1,0) -> 0
B119: =IF('정산표'!B196="","",'정산표'!B196) -> 99800 | D119: ='정산표'!D196 -> 법인세비용 | E119: ='정산표'!E196 -> 0 | F119: ='정산표'!F196 -> 0 | G119: ='정산표'!G196 -> 0 | H119: ='정산표'!H196 -> 0 | J119: ='정산표'!J196 -> 0 | K119: ='정산표'!K196 -> 0 | L119: ='정산표'!L196 -> 0 | M119: ='정산표'!M196 -> 0 | O119: 법인세비용 | P119: 법인세비용 | Q119: =IFERROR(INDEX($E$127:$E$137,MATCH(P119,$D$127:$D$137,0)),"오류") -> 법인세 | R119: =IFERROR(INDEX($F$127:$F$137,MATCH(P119,$D$127:$D$137,0)),0) -> -1 | S119: =IF(OR(O119="매출액",O119="매출원가",O119="판매비와관리비"),1,0) -> 0
B120: =IF('정산표'!B199="","",'정산표'!B199) -> 39700 | D120: ='정산표'!D199 -> 종업원급여 재측정요소 | E120: ='정산표'!E199 -> 0 | F120: ='정산표'!F199 -> 0 | G120: ='정산표'!G199 -> 0 | H120: ='정산표'!H199 -> 0 | J120: ='정산표'!J199 -> 0 | K120: ='정산표'!K199 -> 0 | L120: ='정산표'!L199 -> 0 | M120: ='정산표'!M199 -> 0 | O120: 기타포괄손익 | P120: 기타포괄손익 | Q120: =IFERROR(INDEX($E$127:$E$137,MATCH(P120,$D$127:$D$137,0)),"오류") -> 기타포괄손익 | R120: =IFERROR(INDEX($F$127:$F$137,MATCH(P120,$D$127:$D$137,0)),0) -> 1 | S120: =IF(OR(O120="매출액",O120="매출원가",O120="판매비와관리비"),1,0) -> 0
B121: =IF('정산표'!B200="","",'정산표'!B200) | D121: ='정산표'!D200 -> 지분법자본변동 | E121: ='정산표'!E200 -> 0 | F121: ='정산표'!F200 -> 0 | G121: ='정산표'!G200 -> 0 | H121: ='정산표'!H200 -> 0 | J121: ='정산표'!J200 -> 0 | K121: ='정산표'!K200 -> 0 | L121: ='정산표'!L200 -> 0 | M121: ='정산표'!M200 -> 0 | O121: 기타포괄손익 | P121: 기타포괄손익 | Q121: =IFERROR(INDEX($E$127:$E$137,MATCH(P121,$D$127:$D$137,0)),"오류") -> 기타포괄손익 | R121: =IFERROR(INDEX($F$127:$F$137,MATCH(P121,$D$127:$D$137,0)),0) -> 1 | S121: =IF(OR(O121="매출액",O121="매출원가",O121="판매비와관리비"),1,0) -> 0
B124: [부록 2] IFRS 18 표시항목 ↔ 범주 / 부호 (수익 +1, 비용 -1)
D125: 표시항목 | E125: IFRS 18 구분 | F125: 부호
D126: (상단 손익계산서 행 이름과 동일해야 함)
D127: 매출액 | E127: 영업 | F127: 1
D128: 매출원가 | E128: 영업 | F128: -1
D129: 판매비와관리비 | E129: 영업 | F129: -1
D130: 기타영업수익 | E130: 영업 | F130: 1
D131: 기타영업비용 | E131: 영업 | F131: -1
D132: 투자수익 | E132: 투자 | F132: 1
D133: 투자비용 | E133: 투자 | F133: -1
...

Sheet 별도_AJE_26.2Q
B1: 기준일: | C1: 46203
B4: Ref. | C4: 순번 | D4: Code | E4: 계정과목 | G4: 수정금액 | I4: effect | J4: effect | K4: effect | L4: Discription
E5: 차변 | F5: 대변 | G5: 차변 | H5: 대변 | I5: NI | J5: R/E | K5: 포괄손익
B7: 주식매수선택권
D9: 37700 | E9: 처분전이익잉여금
D10: 34400 | F10: 주식매수선택권
D11: 37700 | E11: 처분전이익잉여금 | I11: 0
D12: 34400 | F12: 주식매수선택권
D16: 81000 | E16: 주식보상비용 | I16: =-G16 -> 0
D17: 34400 | F17: 주식매수선택권
B21: 연차수당 | D21: 37700 | E21: 처분전이익잉여금
D22: 26200 | F22: 미지급비용
D23: 37700 | E23: 처분전이익잉여금
D24: 37700 | E24: 처분전이익잉여금
D25: 26200 | F25: 미지급비용
D29: 80200 | E29: 직원급여(판관) | I29: =-G29 -> 0
D30: 50300 | E30: 직원급여(제조원가) | I30: =-G30 -> 0
D31: 82300 | E31: 직원급여(경상) | I31: =-G31 -> 0
D32: 26200 | F32: 미지급비용
B37: 계리평가 | D37: 37700 | E37: 처분전이익잉여금
B38: 기타장기종업원급여 | D38: 31600 | F38: 장기종업원급여부채
D39: 37700 | E39: 처분전이익잉여금
D42: 39700 | F42: 보험수리적손익 | K42: =H42 -> 0
D43: 99800 | E43: 법인세 | I43: =-G43 -> 0
D46: 31600 | F46: 장기종업원급여부채
D47: 37700 | E47: 미처분이익잉여금
D49: 31600 | E49: 장기종업원급여부채
D50: 80200 | F50: 급여 | I50: =H50 -> 0
B55: 외화선수취대가 환율보정 | D55: 37700 | E55: 처분전이익잉여금
D56: 37700 | E56: 처분전이익잉여금
D57: 37700 | F57: 처분전이익잉여금
B63: 리스수정 | D63: 37700 | E63: 처분전이익잉여금
D64: 37700 | E64: 처분전이익잉여금
D65: 37700 | E65: 처분전이익잉여금
D66: 37700 | E66: 처분전이익잉여금
D67: 37700 | F67: 처분전이익잉여금
D70: 22300 | E70: 사용권자산
D71: 22400 | E71: 사용권자산감가상각누계액
D72: 18810 | E72: 임차보증금_현재가치할인차금
D73: 28300 | F73: 유동성리스부채
D74: 31500 | F74: 리스부채
D76: 81800 | E76: 감가상각비(판관) | I76: =-G76 -> 0
D77: 51800 | E77: 감가상각비(제조) | I77: =-G77 -> 0
D78: 82300 | E78: 감가상각비(경상) | I78: =-G78 -> 0
D79: 93100 | E79: 이자비용 | I79: =-G79 -> 0
D80: 90100 | F80: 이자수익 | I80: =H80 -> 0
D82: 81900 | E82: 지급임차료 | I82: =-G82 -> 0
D83: 93600 | E83: 유형자산처분손실 | I83: =-G83 -> 0
D84: 37700 | E84: 처분전이익잉여금
B87: 홍콩자회사 | D87: 37700 | E87: 처분전이익잉여금
D88: 37700 | E88: 처분전이익잉여금
D89: 37700 | E89: 처분전이익잉여금
D90: 37700 | E90: 처분전이익잉여금
D91: 37700 | E91: 처분전이익잉여금
D92: 37700 | E92: 처분전이익잉여금
D93: 10800 | E93: 매출채권
D94: 37700 | E94: 처분전이익잉여금
D95: 25900 | E95: 선수금
D96: 37700 | F96: 처분전이익잉여금
D97: 25900 | F97: 선수금
D98: 37700 | F98: 처분전이익잉여금
D99: 37700 | F99: 처분전이익잉여금
D100: 37700 | F100: 처분전이익잉여금
D101: 37700 | F101: 처분전이익잉여금
D102: 37700 | F102: 처분전이익잉여금
D103: 37700 | F103: 처분전이익잉여금
D104: 45500-1 | F104: 제품 | I104: =H104 -> 0
D106: 10800 | F106: 매출채권
D107: 40400 | E107: 제품매출 | I107: =-G107 -> 0
B110: 매출채권손실중당금 수정
D111: 37700 | E111: 처분전이익잉여금
D112: 10900 | F112: 매출채권대손충당금
D116: 83500 | E116: 대손상각비 | I116: =-G116 -> 0
D117: 10900 | F117: 매출채권대손충당금
B121: 엠에이치메디 처분 | D121: 19100 | E121: 당기손익-공정가치금융자산
D122: 17700 | F122: 관계기업투자
D123: 95300 | E123: 관계기업투자주식처분손실 | I123: =-G123 -> 0
B127: 법인세 반영 | D127: 99800 | F127: 법인세비용 | I127: =H127 -> 0
D128: 25000 | E128: 이연법인세자산
B132: 결산 수정사항 | D132: 17600 | E132: 종속기업투자주식 | G132: 24999999500 | L132: 종속기업 대체
D133: 17700 | F133: 관계기업투자주식 | H133: 24999999500
B137: 감사 수정사항 | D137: 93100 | E137: 이자비용 | G137: =H138 -> 9092019 | I137: =-G137 -> -9092019 | L137: 차입원가 자본화 수정
D138: 21400 | F138: 건설중인자산 | H138: 9092019
G155: =SUM(G6:G154) -> 25009091519 | H155: =SUM(H6:H154) -> 25009091519 | I155: =SUM(I6:I154) -> -9092019 | J155: =SUM(J6:J154) -> 0 | K155: =SUM(K6:K154) -> 0
H156: =H155=G155 -> TRUE
K157: =SUM(I155:K155) -> -9092019
I158: =H158-G158 -> 0

Sheet BS
C1: 계정과목 | D1: 주석 | E1: 46203 | F1: 46022
C2: 자산
C3: 유동자산 | E3: =E4+E6+E7+E14+E24+E30+E33 -> 16937363250 | F3: =F4+F6+F7+F14+F24+F30+F33 -> 25996495943
C4: =정산표!D7 -> 현금및현금성자산 | E4: =E5 -> 10968165061 | F4: =F5 -> 19169211185 | J4: =F4-E4 -> 8201046124
B5: 10300 | C5: =정산표!D8 -> 현금및현금성자산 | E5: =VLOOKUP($B5,정산표!$B$7:$M$201,7,0) -> 10968165061 | F5: =VLOOKUP($B5,정산표!$B$7:$M$201,12,0) -> 19169211185 | J5: =F5-E5 -> 8201046124
B6: 10600 | C6: =정산표!D9 -> 단기금융상품 | E6: =VLOOKUP($B6,정산표!$B$7:$M$201,7,0) -> 0 | F6: =VLOOKUP($B6,정산표!$B$7:$M$201,12,0) -> 0 | J6: =F6-E6 -> 0
C7: =정산표!D10 -> 매출채권및기타채권 | E7: =SUM(E8:E13) -> 1667306010 | F7: =SUM(F8:F13) -> 2048442985 | J7: =F7-E7 -> 381136975
B8: 10800 | C8: =정산표!D11 -> 매출채권 | E8: =VLOOKUP($B8,정산표!$B$7:$M$201,7,0) -> 1535770100 | F8: =VLOOKUP($B8,정산표!$B$7:$M$201,12,0) -> 1998788804 | J8: =F8-E8 -> 463018704 | M8: 1735937300 | N8: =M8-E8 -> 200167200
B9: 10900 | C9: =정산표!D12 -> 매출채권대손충당금 | E9: =VLOOKUP($B9,정산표!$B$7:$M$201,7,0) -> -105342662 | F9: =VLOOKUP($B9,정산표!$B$7:$M$201,12,0) -> -188230079 | J9: =F9-E9 -> -82887417
B10: 11600 | C10: =정산표!D13 -> 미수수익 | E10: =VLOOKUP($B10,정산표!$B$7:$M$201,7,0) -> 0 | F10: =VLOOKUP($B10,정산표!$B$7:$M$201,12,0) -> 0 | J10: =F10-E10 -> 0
B11: 11700 | C11: =정산표!D14 -> 미수수익대손충당금 | E11: =VLOOKUP($B11,정산표!$B$7:$M$201,7,0) -> 0 | F11: =VLOOKUP($B11,정산표!$B$7:$M$201,12,0) -> 0
B12: 12000 | C12: =정산표!D15 -> 미수금 | E12: =VLOOKUP($B12,정산표!$B$7:$M$201,7,0) -> 261017572 | F12: =VLOOKUP($B12,정산표!$B$7:$M$201,12,0) -> 265023260 | J12: =F12-E12 -> 4005688
B13: 12100 | C13: =정산표!D16 -> 미수금대손충당금 | E13: =VLOOKUP($B13,정산표!$B$7:$M$201,7,0) -> -24139000 | F13: =VLOOKUP($B13,정산표!$B$7:$M$201,12,0) -> -27139000 | J13: =F13-E13 -> -3000000
C14: =정산표!D17 -> 재고자산 | E14: =SUM(E15:E23) -> 2202609621 | F14: =SUM(F15:F23) -> 2034274672 | J14: =F14-E14 -> -168334949
B15: 14600 | C15: =정산표!D18 -> 상품 | E15: =VLOOKUP($B15,정산표!$B$7:$M$201,7,0) -> 47852743 | F15: =VLOOKUP($B15,정산표!$B$7:$M$201,12,0) -> 42227029 | J15: =F15-E15 -> -5625714 | K15: =F15 -> 42227029
B16: 16000 | C16: =정산표!D19 -> 상품평가충당금 | E16: =VLOOKUP($B16,정산표!$B$7:$M$201,7,0) -> 0 | F16: =VLOOKUP($B16,정산표!$B$7:$M$201,12,0) -> -14089 | J16: =F16-E16 -> -14089 | K16: =F16 -> -14089
B17: 14700 | C17: =정산표!D20 -> 제품 | E17: =VLOOKUP($B17,정산표!$B$7:$M$201,7,0) -> 2534717672 | F17: =VLOOKUP($B17,정산표!$B$7:$M$201,12,0) -> 2349819825 | J17: =F17-E17 -> -184897847 | K17: =F17 -> 2349819825
B18: 16100 | C18: =정산표!D21 -> 제품평가충당금 | E18: =VLOOKUP($B18,정산표!$B$7:$M$201,7,0) -> -827921741 | F18: =VLOOKUP($B18,정산표!$B$7:$M$201,12,0) -> -725171962 | J18: =F18-E18 -> 102749779 | K18: =F18 -> -725171962
B19: 14900 | C19: =정산표!D22 -> 원재료 | E19: =VLOOKUP($B19,정산표!$B$7:$M$201,7,0) -> 464851515 | F19: =VLOOKUP($B19,정산표!$B$7:$M$201,12,0) -> 354984836 | J19: =F19-E19 -> -109866679 | K19: =F19 -> 354984836
B20: 16200 | C20: =정산표!D23 -> 원재료평가충당금 | E20: =VLOOKUP($B20,정산표!$B$7:$M$201,7,0) -> -44697318 | F20: =VLOOKUP($B20,정산표!$B$7:$M$201,12,0) -> -34479470 | J20: =F20-E20 -> 10217848 | K20: =F20 -> -34479470
B21: 15200 | C21: =정산표!D24 -> 부재료 | E21: =VLOOKUP($B21,정산표!$B$7:$M$201,7,0) -> 48405072 | F21: =VLOOKUP($B21,정산표!$B$7:$M$201,12,0) -> 49267189 | J21: =F21-E21 -> 862117 | K21: =F21 -> 49267189
B22: 15300 | C22: =정산표!D25 -> 부재료평가충당금 | E22: =VLOOKUP($B22,정산표!$B$7:$M$201,7,0) -> -20598322 | F22: =VLOOKUP($B22,정산표!$B$7:$M$201,12,0) -> -2358686 | J22: =F22-E22 -> 18239636 | K22: =F22 -> -2358686
B23: 15700 | C23: 재공품 | E23: =VLOOKUP($B23,정산표!$B$7:$M$201,7,0) -> 0 | F23: =VLOOKUP($B23,정산표!$B$7:$M$201,12,0) -> 0 | K23: =SUM(K15:K22) -> 2034274672
C24: =정산표!D27 -> 기타유동자산 | E24: =SUM(E25:E29) -> 2097128278 | F24: =SUM(F25:F29) -> 2735837690 | J24: =F24-E24 -> 638709412
B25: 13100 | C25: =정산표!D28 -> 선급금 | E25: =VLOOKUP($B25,정산표!$B$7:$M$201,7,0) -> 394157762 | F25: =VLOOKUP($B25,정산표!$B$7:$M$201,12,0) -> 2254829529 | J25: =F25-E25 -> 1860671767
B26: 13200 | C26: =정산표!D29 -> 선급금대손충당금 | E26: =VLOOKUP($B26,정산표!$B$7:$M$201,7,0) -> 0 | F26: =VLOOKUP($B26,정산표!$B$7:$M$201,12,0) -> 0 | J26: =F26-E26 -> 0
B27: 13300 | C27: =정산표!D30 -> 선급비용 | E27: =VLOOKUP($B27,정산표!$B$7:$M$201,7,0) -> 1698698289 | F27: =VLOOKUP($B27,정산표!$B$7:$M$201,12,0) -> 473315521 | J27: =F27-E27 -> -1225382768
B28: 14000 | C28: 환불자산 | E28: =VLOOKUP($B28,정산표!$B$7:$M$201,7,0) -> 4272227 | F28: =VLOOKUP($B28,정산표!$B$7:$M$201,12,0) -> 7692640
B29: 13500 | C29: =정산표!D32 -> 부가세대급금 | E29: =VLOOKUP($B29,정산표!$B$7:$M$201,7,0) -> 0 | F29: =VLOOKUP($B29,정산표!$B$7:$M$201,12,0) -> 0
C30: 기타유동금융자산 | E30: =SUM(E31:E32) -> 0 | F30: =SUM(F31:F32) -> 1250001
B31: 12400 | C31: 임차보증금(유동) | E31: =VLOOKUP($B31,정산표!$B$7:$M$201,7,0) -> 0 | F31: =VLOOKUP($B31,정산표!$B$7:$M$201,12,0) -> 0
B32: 13400 | C32: 주 . 임.종단기채권 | E32: =VLOOKUP($B32,정산표!$B$7:$M$201,7,0) -> 0 | F32: =VLOOKUP($B32,정산표!$B$7:$M$201,12,0) -> 1250001
B33: 13600 | C33: =정산표!D36 -> 당기법인세자산 | E33: =VLOOKUP($B33,정산표!$B$7:$M$201,7,0) -> 2154280 | F33: =VLOOKUP($B33,정산표!$B$7:$M$201,12,0) -> 7479410 | J33: =F33-E33 -> 5325130
C34: 비유동자산 | E34: =E35+E40+E43+E62+E67+E39 -> 37605682655 | F34: =F35+F40+F43+F62+F67+F39 -> 29197391461 | J34: =F34-E34 -> -8408291194
C35: =정산표!D38 -> 기타비유동금융자산 | E35: =SUM(E36:E38) -> 386082376 | F35: =SUM(F36:F38) -> 388220275 | J35: =F35-E35 -> 2137899
B36: 18800 | C36: =정산표!D39 -> 임차보증금 | E36: =VLOOKUP($B36,정산표!$B$7:$M$201,7,0) -> 403800000 | F36: =VLOOKUP($B36,정산표!$B$7:$M$201,12,0) -> 413778000 | J36: =F36-E36 -> 9978000
B37: 18900 | C37: =정산표!D40 -> 임차보증금_현재가치할인차금 | E37: =VLOOKUP($B37,정산표!$B$7:$M$201,7,0) -> -27853494 | F37: =VLOOKUP($B37,정산표!$B$7:$M$201,12,0) -> -35581895
B38: 19000 | C38: =정산표!D41 -> 기타보증금 | E38: =VLOOKUP($B38,정산표!$B$7:$M$201,7,0) -> 10135870 | F38: =VLOOKUP($B38,정산표!$B$7:$M$201,12,0) -> 10024170 | J38: =F38-E38 -> -111700
B39: 19500 | C39: =정산표!D42 -> 당기손익-공정가치금융자산 | E39: =VLOOKUP($B39,정산표!$B$7:$M$201,7,0) -> 172664940 | F39: =VLOOKUP($B39,정산표!$B$7:$M$201,12,0) -> 172664940
C40: =정산표!D43 -> 종속기업및관계기업투자 | E40: =SUM(E41:E42) -> 25348225181 | F40: =SUM(F41:F42) -> 17348225181 | J40: =F40-E40 -> -8000000000
B41: 17600 | C41: =정산표!D44 -> 종속기업투자 | E41: =VLOOKUP($B41,정산표!$B$7:$M$201,7,0) -> 25348225181 | F41: =VLOOKUP($B41,정산표!$B$7:$M$201,12,0) -> 348225681 | J41: =F41-E41 -> -24999999500
B42: 17700 | C42: =정산표!D45 -> 관계기업투자 | E42: =VLOOKUP($B42,정산표!$B$7:$M$201,7,0) -> 0 | F42: =VLOOKUP($B42,정산표!$B$7:$M$201,12,0) -> 16999999500 | J42: =F42-E42 -> 16999999500
C43: =정산표!D47 -> 유형자산 | E43: =SUM(E44:E61) -> 9018883065 | F43: =SUM(F44:F61) -> 8682807344 | J43: =F43-E43 -> -336075721
B44: 20100 | C44: =정산표!D48 -> 토지 | E44: =VLOOKUP($B44,정산표!$B$7:$M$201,7,0) -> 1115280040 | F44: =VLOOKUP($B44,정산표!$B$7:$M$201,12,0) -> 557640020
B45: 20200 | C45: 건물 | E45: =VLOOKUP($B45,정산표!$B$7:$M$201,7,0) -> 2832428420 | F45: =VLOOKUP($B45,정산표!$B$7:$M$201,12,0) -> 1355889942
B46: 20300 | C46: 감가상각누계액 | E46: =VLOOKUP($B46,정산표!$B$7:$M$201,7,0) -> -61959374 | F46: =VLOOKUP($B46,정산표!$B$7:$M$201,12,0) -> -31072481
B47: 20600 | C47: =정산표!D51 -> 기계장치 | E47: =VLOOKUP($B47,정산표!$B$7:$M$201,7,0) -> 2674264961 | F47: =VLOOKUP($B47,정산표!$B$7:$M$201,12,0) -> 1819453967 | J47: =F47-E47 -> -854810994
B48: 20700 | C48: =정산표!D52 -> 감가상각누계액 | E48: =VLOOKUP($B48,정산표!$B$7:$M$201,7,0) -> -1323604760 | F48: =VLOOKUP($B48,정산표!$B$7:$M$201,12,0) -> -1210652849 | J48: =F48-E48 -> 112951911
B49: 20800 | C49: =정산표!D53 -> 차량운반구 | E49: =VLOOKUP($B49,정산표!$B$7:$M$201,7,0) -> 7974819 | F49: =VLOOKUP($B49,정산표!$B$7:$M$201,12,0) -> 7974819 | J49: =F49-E49 -> 0
B50: 20900 | C50: =정산표!D54 -> 감가상각누계액 | E50: =VLOOKUP($B50,정산표!$B$7:$M$201,7,0) -> -7972819 | F50: =VLOOKUP($B50,정산표!$B$7:$M$201,12,0) -> -7972819 | J50: =F50-E50 -> 0
B51: 21000 | C51: =정산표!D55 -> 공구와기구 | E51: =VLOOKUP($B51,정산표!$B$7:$M$201,7,0) -> 131100000 | F51: =VLOOKUP($B51,정산표!$B$7:$M$201,12,0) -> 131100000 | J51: =F51-E51 -> 0
B52: 21100 | C52: =정산표!D56 -> 감가상각누계액 | E52: =VLOOKUP($B52,정산표!$B$7:$M$201,7,0) -> -67838194 | F52: =VLOOKUP($B52,정산표!$B$7:$M$201,12,0) -> -58155206 | J52: =F52-E52 -> 9682988
B53: 21200 | C53: =정산표!D57 -> 집기비품 | E53: =VLOOKUP($B53,정산표!$B$7:$M$201,7,0) -> 368187065 | F53: =VLOOKUP($B53,정산표!$B$7:$M$201,12,0) -> 392461239 | J53: =F53-E53 -> 24274174
B54: 21300 | C54: =정산표!D58 -> 감가상각누계액 | E54: =VLOOKUP($B54,정산표!$B$7:$M$201,7,0) -> -189699106 | F54: =VLOOKUP($B54,정산표!$B$7:$M$201,12,0) -> -341221676 | J54: =F54-E54 -> -151522570
B55: 21400 | C55: =정산표!D59 -> 건설중인자산 | E55: =VLOOKUP($B55,정산표!$B$7:$M$201,7,0) -> 1376213175 | F55: =VLOOKUP($B55,정산표!$B$7:$M$201,12,0) -> 4039985025
B56: 21900 | C56: =정산표!D60 -> 인테리어 | E56: =VLOOKUP($B56,정산표!$B$7:$M$201,7,0) -> 131819200 | F56: =VLOOKUP($B56,정산표!$B$7:$M$201,12,0) -> 218118382 | J56: =F56-E56 -> 86299182
B57: 22000 | C57: =정산표!D61 -> 감가상각누계액 | E57: =VLOOKUP($B57,정산표!$B$7:$M$201,7,0) -> -131811200 | F57: =VLOOKUP($B57,정산표!$B$7:$M$201,12,0) -> -217473398 | J57: =F57-E57 -> -85662198
B58: 22100 | C58: =정산표!D62 -> 시설장치 | E58: =VLOOKUP($B58,정산표!$B$7:$M$201,7,0) -> 972487904 | F58: =VLOOKUP($B58,정산표!$B$7:$M$201,12,0) -> 473450000 | J58: =F58-E58 -> -499037904
B59: 22200 | C59: =정산표!D63 -> 감가상각누계액 | E59: =VLOOKUP($B59,정산표!$B$7:$M$201,7,0) -> -169400862 | F59: =VLOOKUP($B59,정산표!$B$7:$M$201,12,0) -> -85582504 | J59: =F59-E59 -> 83818358
B60: 22300 | C60: =정산표!D64 -> 사용권자산 | E60: =VLOOKUP($B60,정산표!$B$7:$M$201,7,0) -> 1731999794 | F60: =VLOOKUP($B60,정산표!$B$7:$M$201,12,0) -> 1784674683 | J60: =F60-E60 -> 52674889
B61: 22400 | C61: =정산표!D65 -> 사용권자산감가상각누계액 | E61: =VLOOKUP($B61,정산표!$B$7:$M$201,7,0) -> -370585998 | F61: =VLOOKUP($B61,정산표!$B$7:$M$201,12,0) -> -145809800 | J61: =F61-E61 -> 224776198
C62: =정산표!D66 -> 무형자산 | E62: =SUM(E63:E66) -> 124722122 | F62: =SUM(F63:F66) -> 50368750 | J62: =F62-E62 -> -74353372
B63: 23200 | C63: =정산표!D67 -> 특허권 | E63: =VLOOKUP($B63,정산표!$B$7:$M$201,7,0) -> 49108768 | F63: =VLOOKUP($B63,정산표!$B$7:$M$201,12,0) -> 18182933 | J63: =F63-E63 -> -30925835
B64: 23300 | C64: =정산표!D68 -> 상표권 | E64: =VLOOKUP($B64,정산표!$B$7:$M$201,7,0) -> 23719703 | F64: =VLOOKUP($B64,정산표!$B$7:$M$201,12,0) -> 19838530 | J64: =F64-E64 -> -3881173
B65: 23900 | C65: =정산표!D69 -> 개발비 | E65: =VLOOKUP($B65,정산표!$B$7:$M$201,7,0) -> 0 | F65: =VLOOKUP($B65,정산표!$B$7:$M$201,12,0) -> 0 | J65: =F65-E65 -> 0
B66: 24000 | C66: =정산표!D70 -> 소프트웨어 | E66: =VLOOKUP($B66,정산표!$B$7:$M$201,7,0) -> 51893651 | F66: =VLOOKUP($B66,정산표!$B$7:$M$201,12,0) -> 12347287 | J66: =F66-E66 -> -39546364
B67: 19600 | C67: =정산표!D71 -> 이연법인세자산 | E67: =VLOOKUP($B67,정산표!$B$7:$M$201,7,0) -> 2555104971 | F67: =VLOOKUP($B67,정산표!$B$7:$M$201,12,0) -> 2555104971 | J67: =F67-E67 -> 0
C68: 자산총계 | E68: =E34+E3 -> 54543045905 | F68: =F34+F3 -> 55193887404 | J68: =F68-E68 -> 650841499
C69: 부채 | J69: =F69-E69 -> 0
C70: 유동부채 | E70: =E71+E76+E77+E79+E78 -> 7026815912 | F70: =F71+F76+F77+F79+F78 -> 5794685216 | J70: =F70-E70 -> -1232130696
C71: =정산표!D75 -> 매입채무및기타채무 | E71: =SUM(E72:E75) -> 3144825470 | F71: =SUM(F72:F75) -> 1584755867 | J71: =F71-E71 -> -1560069603
B72: 25100 | C72: =정산표!D76 -> 매입채무 | E72: =VLOOKUP($B72,정산표!$B$7:$M$201,7,0) -> 299203820 | F72: =VLOOKUP($B72,정산표!$B$7:$M$201,12,0) -> 545684916 | J72: =F72-E72 -> 246481096
B73: 25300 | C73: =정산표!D77 -> 미지급금 | E73: =VLOOKUP($B73,정산표!$B$7:$M$201,7,0) -> 207639910 | F73: =VLOOKUP($B73,정산표!$B$7:$M$201,12,0) -> 293009113 | J73: =F73-E73 -> 85369203
B74: 25400 | C74: 예수금 | E74: =VLOOKUP($B74,정산표!$B$7:$M$201,7,0) -> 85200680 | F74: =VLOOKUP($B74,정산표!$B$7:$M$201,12,0) -> 0 | J74: =F74-E74 -> -85200680
B75: 26200 | C75: =정산표!D79 -> 미지급비용 | E75: =VLOOKUP($B75,정산표!$B$7:$M$201,7,0) -> 2552781060 | F75: =VLOOKUP($B75,정산표!$B$7:$M$201,12,0) -> 746061838 | J75: =F75-E75 -> -1806719222
B76: 26000 | C76: =정산표!D80 -> 단기차입금 | E76: =VLOOKUP($B76,정산표!$B$7:$M$201,7,0) -> 1120000000 | F76: =VLOOKUP($B76,정산표!$B$7:$M$201,12,0) -> 1120000000 | J76: =F76-E76 -> 0
B77: 28200 | C77: =정산표!D81 -> 유동성장기차입금 | E77: =VLOOKUP($B77,정산표!$B$7:$M$201,7,0) -> 0 | F77: =VLOOKUP($B77,정산표!$B$7:$M$201,12,0) -> 83300000 | J77: =F77-E77 -> 83300000
B78: 28300 | C78: =정산표!D82 -> 유동성리스부채 | E78: =VLOOKUP($B78,정산표!$B$7:$M$201,7,0) -> 537067117 | F78: =VLOOKUP($B78,정산표!$B$7:$M$201,12,0) -> 545986082 | J78: =F78-E78 -> 8918965 | K78: 274885376
C79: =정산표!D83 -> 기타유동부채 | E79: =SUM(E80:E81) -> 2224923325 | F79: =SUM(F80:F81) -> 2460643267 | J79: =F79-E79 -> 235719942
B80: 25900 | C80: =정산표!D84 -> 선수금 | E80: =VLOOKUP($B80,정산표!$B$7:$M$201,7,0) -> 2215528322 | F80: =VLOOKUP($B80,정산표!$B$7:$M$201,12,0) -> 2443300145 | J80: =F80-E80 -> 227771823
B81: 28100 | C81: =정산표!D85 -> 환불부채 | E81: =VLOOKUP($B81,정산표!$B$7:$M$201,7,0) -> 9395003 | F81: =VLOOKUP($B81,정산표!$B$7:$M$201,12,0) -> 17343122 | J81: =F81-E81 -> 7948119
C82: 비유동부채 | E82: =E83+E85+E87+E90+E86 -> 5815444698 | F82: =F83+F85+F87+F90+F86 -> 6909567083 | J82: =F82-E82 -> 1094122385
C83: =정산표!D87 -> 기타비유동부채 | E83: =E84 -> 205709924 | F83: =F84 -> 173088026 | J83: =F83-E83 -> -32621898
B84: 31600 | C84: =정산표!D88 -> 장기종업원급여부채 | E84: =VLOOKUP($B84,정산표!$B$7:$M$201,7,0) -> 205709924 | F84: =VLOOKUP($B84,정산표!$B$7:$M$201,12,0) -> 173088026 | J84: =F84-E84 -> -32621898
B85: 29300 | C85: =정산표!D89 -> 장기차입금 | E85: =VLOOKUP($B85,정산표!$B$7:$M$201,7,0) -> 4100000000 | F85: =VLOOKUP($B85,정산표!$B$7:$M$201,12,0) -> 4100000000 | J85: =F85-E85 -> 0
B86: 31500 | C86: =정산표!D90 -> 리스부채 | E86: =VLOOKUP($B86,정산표!$B$7:$M$201,7,0) -> 799358124 | F86: =VLOOKUP($B86,정산표!$B$7:$M$201,12,0) -> 1049272823 | J86: =F86-E86 -> 249914699
C87: =정산표!D91 -> 순확정급여부채 | E87: =SUM(E88:E89) -> 710376650 | F87: =SUM(F88:F89) -> 1587206234 | J87: =F87-E87 -> 876829584
B88: 29500 | C88: =정산표!D92 -> 퇴직급여충당부채 | E88: =VLOOKUP($B88,정산표!$B$7:$M$201,7,0) -> 710376650 | F88: =VLOOKUP($B88,정산표!$B$7:$M$201,12,0) -> 1587206234 | J88: =F88-E88 -> 876829584
B89: 29500-1 | C89: =정산표!D93 -> 퇴직연금운용자산 | E89: =VLOOKUP($B89,정산표!$B$7:$M$201,7,0) -> 0 | F89: =VLOOKUP($B89,정산표!$B$7:$M$201,12,0) -> 0 | J89: =F89-E89 -> 0
C90: =정산표!D94 -> 이연법인세부채 | E90: =정산표!H94 -> 0 | F90: 0 | J90: =F90-E90 -> 0
C91: 부채총계 | E91: =E82+E70 -> 12842260610 | F91: =F82+F70 -> 12704252299 | J91: =F91-E91 -> -138008311
C92: 자본 | J92: =F92-E92 -> 0
C93: 자본금 | E93: =E94 -> 5691191500 | F93: =F94 -> 5691191500 | J93: =F93-E93 -> 0
B94: 33100 | C94: 보통주자본금 | E94: =VLOOKUP($B94,정산표!$B$7:$M$201,7,0) -> 5691191500 | F94: =VLOOKUP($B94,정산표!$B$7:$M$201,12,0) -> 5691191500 | J94: =F94-E94 -> 0
C95: 자본잉여금 | E95: =E96 -> 45157382298 | F95: =F96 -> 45157382298 | J95: =F95-E95 -> 0
B96: 34100 | C96: 주식발행초과금 | E96: =VLOOKUP($B96,정산표!$B$7:$M$201,7,0) -> 45157382298 | F96: =VLOOKUP($B96,정산표!$B$7:$M$201,12,0) -> 45157382298 | J96: =F96-E96 -> 0
C97: 기타자본항목 | E97: =E98 -> 424627793 | F97: =F98 -> 424627793 | J97: =F97-E97 -> 0
B98: 34400 | C98: 주식매수선택권 | E98: =VLOOKUP($B98,정산표!$B$7:$M$201,7,0) -> 424627793 | F98: =VLOOKUP($B98,정산표!$B$7:$M$201,12,0) -> 424627793 | J98: =F98-E98 -> 0
C99: 이익잉여금(결손금) | E99: =E100 -> -9572416296 | F99: =F100 -> -8783566486 | J99: =F99-E99 -> 788849810
B100: 37700 | C100: 처분전이익잉여금 | E100: =VLOOKUP($B100,정산표!$B$7:$M$201,7,0) -> -9572416296 | F100: =VLOOKUP($B100,정산표!$B$7:$M$201,12,0) -> -8783566486 | J100: =F100-E100 -> 788849810
...

Sheet PL
C1: =정산표!D4 -> 계정과목 | D1: 주석 | E1: =BS!E1 -> 46203 | F1: =E1-365 -> 45838 | H1: 당반기 | I1: 전반기
C2: 매출액 | E2: =SUM(E3:E5) -> 8288170687 | F2: =SUM(F3:F5) -> 8817426997
B3: 40100 | C3: =정산표!D114 -> 상품매출 | E3: =VLOOKUP($B3,정산표!$B$113:$M$201,7,0) -> 278070981 | F3: =VLOOKUP($B3,정산표!$B$113:$M$201,12,0) -> 72357415
B4: 40400 | C4: =정산표!D115 -> 제품매출 | E4: =VLOOKUP($B4,정산표!$B$113:$M$201,7,0) -> 7974892686 | F4: =VLOOKUP($B4,정산표!$B$113:$M$201,12,0) -> 8701040737
B5: 41300 | C5: =정산표!D116 -> 식음료매출 | E5: =VLOOKUP($B5,정산표!$B$113:$M$201,7,0) -> 35207020 | F5: =VLOOKUP($B5,정산표!$B$113:$M$201,12,0) -> 44028845
C6: 매출원가 | E6: =E7+E14+E21 -> 3596633522 | F6: =F7+F14+F21 -> 3527195264
B7: 45500 | C7: (1)제품매출원가 | E7: =E10+E11+E12-E13 -> 3389356072 | F7: =F10+F11+F12-F13 -> 3467738461
B8: 45500-1 | C8: 기초제품재고액 | E8: =BS!F17 -> 2349819825 | F8: =VLOOKUP($B8,정산표!$B$113:$M$201,12,0) -> 2459042471
B9: 45500-2 | C9: 당기제품제조원가 | E9: =VLOOKUP($B9,정산표!$B$113:$M$201,7,0) -> 3476800819 | F9: =VLOOKUP($B9,정산표!$B$113:$M$201,12,0) -> 3344382182 | L9: =PL!E27+PL!E28 -> 1302634521
C10: 계 | E10: =SUM(E8:E9) -> 5826620644 | F10: =SUM(F8:F9) -> 5803424653
B11: 45500-3 | C11: 타계정대체 | E11: =VLOOKUP($B11,정산표!$B$113:$M$201,7,0) -> -5296679 | F11: =VLOOKUP($B11,정산표!$B$113:$M$201,12,0) -> -6471662
B12: 45500-4 | C12: 재고자산평가 | E12: =VLOOKUP($B12,정산표!$B$113:$M$201,7,0) -> 102749779 | F12: =VLOOKUP($B12,정산표!$B$113:$M$201,12,0) -> 8624839
B13: 45500-5 | C13: 기말제품재고액 | E13: =BS!E17 -> 2534717672 | F13: =VLOOKUP($B13,정산표!$B$113:$M$201,12,0) -> 2337839369
B14: 45100 | C14: (2)상품매출원가 | E14: =E17+E18+E19-E20 -> 197040606 | F14: =F17+F18+F19-F20 -> 45654258
B15: 45100-1 | C15: 기초상품재고액 | E15: =BS!F15 -> 42227029 | F15: =VLOOKUP($B15,정산표!$B$113:$M$201,12,0) -> 32112993
B16: 45100-2 | C16: 당기상품매입액 | E16: =VLOOKUP($B16,정산표!$B$113:$M$201,7,0) -> 202680409 | F16: =VLOOKUP($B16,정산표!$B$113:$M$201,12,0) -> 87517683
C17: 계 | E17: =SUM(E15:E16) -> 244907438 | F17: =SUM(F15:F16) -> 119630676
B18: 45100-3 | C18: 상품타계정대체 | E18: =VLOOKUP($B18,정산표!$B$113:$M$201,7,0) -> 0 | F18: =VLOOKUP($B18,정산표!$B$113:$M$201,12,0) -> 0
B19: 45100-4 | C19: 재고자산평가 | E19: =VLOOKUP($B19,정산표!$B$113:$M$201,7,0) -> -14089 | F19: =VLOOKUP($B19,정산표!$B$113:$M$201,12,0) -> 0
B20: 45100-5 | C20: 기말상품재고액 | E20: =BS!E15 -> 47852743 | F20: =VLOOKUP($B20,정산표!$B$113:$M$201,12,0) -> 73976418
B21: 45700 | C21: (3)식음료매출원가 | E21: =E22+E23-E24 -> 10236844 | F21: =F22+F23-F24 -> 13802545
B22: 45700-1 | C22: 기초상품재고액 | E22: 0 | F22: =정산표!M133 -> 0
B23: 45700-2 | C23: 당기상품매입액 | E23: =정산표!E134 -> 10236844 | F23: =정산표!M134 -> 13802545
B24: 45700-3 | C24: 기말상품재고액 | E24: 0 | F24: =정산표!M135 -> 0
C25: 매출총이익 | E25: =E2-E6 -> 4691537165 | F25: =F2-F6 -> 5290231733
C26: 판매비와관리비 | E26: =SUM(E27:E59) -> 5378351282 | F26: =SUM(F27:F59) -> 3878517000
B27: 80200 | C27: =정산표!D138 -> 급여 | E27: =VLOOKUP($B27,정산표!$B$113:$M$201,7,0) -> 1192275225 | F27: =VLOOKUP($B27,정산표!$B$113:$M$201,12,0) -> 1310935710
B28: 80800 | C28: =정산표!D139 -> 퇴직급여 | E28: =VLOOKUP($B28,정산표!$B$113:$M$201,7,0) -> 110359296 | F28: =VLOOKUP($B28,정산표!$B$113:$M$201,12,0) -> 104651910
B29: 85200 | C29: 해고급여 | E29: =VLOOKUP($B29,정산표!$B$113:$M$201,7,0) -> 45930430 | F29: =VLOOKUP($B29,정산표!$B$113:$M$201,12,0) -> 0
B30: 81000 | C30: =정산표!D141 -> 주식보상비 | E30: =VLOOKUP($B30,정산표!$B$113:$M$201,7,0) -> 0 | F30: =VLOOKUP($B30,정산표!$B$113:$M$201,12,0) -> 0
B31: 81100 | C31: =정산표!D142 -> 복리후생비 | E31: =VLOOKUP($B31,정산표!$B$113:$M$201,7,0) -> 187719099 | F31: =VLOOKUP($B31,정산표!$B$113:$M$201,12,0) -> 186599937
B32: 81200 | C32: =정산표!D143 -> 여비교통비 | E32: =VLOOKUP($B32,정산표!$B$113:$M$201,7,0) -> 224812833 | F32: =VLOOKUP($B32,정산표!$B$113:$M$201,12,0) -> 285932715
B33: 81300 | C33: =정산표!D144 -> 접대비 | E33: =VLOOKUP($B33,정산표!$B$113:$M$201,7,0) -> 25692474 | F33: =VLOOKUP($B33,정산표!$B$113:$M$201,12,0) -> 78340966
B34: 81400 | C34: =정산표!D145 -> 통신비 | E34: =VLOOKUP($B34,정산표!$B$113:$M$201,7,0) -> 8042843 | F34: =VLOOKUP($B34,정산표!$B$113:$M$201,12,0) -> 7473322
B35: 81500 | C35: =정산표!D146 -> 수도광열비 | E35: =VLOOKUP($B35,정산표!$B$113:$M$201,7,0) -> 2933840 | F35: =VLOOKUP($B35,정산표!$B$113:$M$201,12,0) -> 2671110
B36: 81600 | C36: 전력비 | E36: =VLOOKUP($B36,정산표!$B$113:$M$201,7,0) -> 3879022 | F36: =VLOOKUP($B36,정산표!$B$113:$M$201,12,0) -> 3182290
B37: 81700 | C37: =정산표!D148 -> 세금과공과금 | E37: =VLOOKUP($B37,정산표!$B$113:$M$201,7,0) -> 8506220 | F37: =VLOOKUP($B37,정산표!$B$113:$M$201,12,0) -> 9688630
B38: 81800 | C38: =정산표!D149 -> 감가상각비 | E38: =VLOOKUP($B38,정산표!$B$113:$M$201,7,0) -> 119880341 | F38: =VLOOKUP($B38,정산표!$B$113:$M$201,12,0) -> 84937975
B39: 81900 | C39: =정산표!D150 -> 지급임차료 | E39: =VLOOKUP($B39,정산표!$B$113:$M$201,7,0) -> 508414 | F39: =VLOOKUP($B39,정산표!$B$113:$M$201,12,0) -> 30334814
B40: 82000 | C40: =정산표!D151 -> 수선비 | E40: =VLOOKUP($B40,정산표!$B$113:$M$201,7,0) -> 1111000 | F40: =VLOOKUP($B40,정산표!$B$113:$M$201,12,0) -> 93300
B41: 82100 | C41: =정산표!D152 -> 보험료 | E41: =VLOOKUP($B41,정산표!$B$113:$M$201,7,0) -> 3257116 | F41: =VLOOKUP($B41,정산표!$B$113:$M$201,12,0) -> 3327218
B42: 82200 | C42: =정산표!D153 -> 차량유지비 | E42: =VLOOKUP($B42,정산표!$B$113:$M$201,7,0) -> 720800 | F42: =VLOOKUP($B42,정산표!$B$113:$M$201,12,0) -> 3415144
B43: 82300 | C43: =정산표!D154 -> 경상연구개발비 | E43: =VLOOKUP($B43,정산표!$B$113:$M$201,7,0) -> 364625079 | F43: =VLOOKUP($B43,정산표!$B$113:$M$201,12,0) -> 337688016
B44: 82400 | C44: =정산표!D155 -> 운반비 | E44: =VLOOKUP($B44,정산표!$B$113:$M$201,7,0) -> 9018081 | F44: =VLOOKUP($B44,정산표!$B$113:$M$201,12,0) -> 10980849
B45: 82500 | C45: =정산표!D156 -> 교육훈련비 | E45: =VLOOKUP($B45,정산표!$B$113:$M$201,7,0) -> 1066181 | F45: =VLOOKUP($B45,정산표!$B$113:$M$201,12,0) -> 6814000
B46: 82600 | C46: =정산표!D157 -> 도서인쇄비 | E46: =VLOOKUP($B46,정산표!$B$113:$M$201,7,0) -> 4820923 | F46: =VLOOKUP($B46,정산표!$B$113:$M$201,12,0) -> 1418240
B47: 82800 | C47: =정산표!D158 -> 포장비 | E47: =VLOOKUP($B47,정산표!$B$113:$M$201,7,0) -> 0 | F47: =VLOOKUP($B47,정산표!$B$113:$M$201,12,0) -> 0
B48: 82900 | C48: =정산표!D159 -> 사무용품비 | E48: =VLOOKUP($B48,정산표!$B$113:$M$201,7,0) -> 236327 | F48: =VLOOKUP($B48,정산표!$B$113:$M$201,12,0) -> 2317493
... B59: 85100 | C59: =정산표!D170 -> 인력개발비 | E59: =VLOOKUP($B59,정산표!$B$113:$M$201,7,0) -> 1380000 | F59: =VLOOKUP($B59,정산표!$B$113:$M$201,12,0) -> 1378699
C60: 영업이익(손실) | E60: =E25-E26 -> -686814117 | F60: =F25-F26 -> 1411714733
C61: 기타영업수익 | E61: =SUM(E62:E66) -> 4395999 | F61: =SUM(F62:F66) -> 7957022
B62: 90500 | C62: =정산표!D173 -> 기타의대손상각비환입 | E62: =VLOOKUP($B62,정산표!$B$113:$M$201,7,0) -> 3000000 | F62: =VLOOKUP($B62,정산표!$B$113:$M$201,12,0) -> 3000000
C63: =정산표!D174 -> 외화환산손실(기타)
B64: 91400 | C64: =정산표!D175 -> 유형자산처분이익 | E64: =VLOOKUP($B64,정산표!$B$113:$M$201,7,0) -> 1202135 | F64: =VLOOKUP($B64,정산표!$B$113:$M$201,12,0) -> 1054000
C65: =정산표!D176 -> 종속기업투자주식손상차손환입
B66: 93000 | C66: =정산표!D177 -> 잡이익 | E66: =VLOOKUP($B66,정산표!$B$113:$M$201,7,0) -> 193864 | F66: =VLOOKUP($B66,정산표!$B$113:$M$201,12,0) -> 3903022
C67: 기타영업비용 | E67: =SUM(E68:E74) -> 4825612 | F67: =SUM(F68:F74) -> 3158006
B68: 95400 | C68: =정산표!D179 -> 기타의대손상각비 | E68: =VLOOKUP($B68,정산표!$B$113:$M$201,7,0) -> 0 | F68: =VLOOKUP($B68,정산표!$B$113:$M$201,12,0) -> 0 | G68: 계정수정
B69: 93300 | C69: 기부금 | E69: =VLOOKUP($B69,정산표!$B$113:$M$201,7,0) -> 0 | F69: =VLOOKUP($B69,정산표!$B$113:$M$201,12,0) -> 0
B70: 95300 | C70: =정산표!D181 -> 관계기업투자주식처분손실 | E70: =VLOOKUP($B70,정산표!$B$113:$M$201,7,0) -> 0 | F70: =VLOOKUP($B70,정산표!$B$113:$M$201,12,0) -> 0
B71: 93600 | C71: 유 형 자산처분손실 | E71: =VLOOKUP($B71,정산표!$B$113:$M$201,7,0) -> 4825402 | F71: =VLOOKUP($B71,정산표!$B$113:$M$201,12,0) -> 3098042
B72: 95200 | C72: =정산표!D183 -> 종속기업투자손상차손 | E72: =VLOOKUP($B72,정산표!$B$113:$M$201,7,0) -> 0 | F72: =VLOOKUP($B72,정산표!$B$113:$M$201,12,0) -> 0
B73: 93700 | C73: 보상비 | E73: =VLOOKUP($B73,정산표!$B$113:$M$201,7,0) -> 0 | F73: =VLOOKUP($B73,정산표!$B$113:$M$201,12,0) -> 0 | G73: 추가
B74: 96000 | C74: =정산표!D185 -> 잡손실 | E74: =VLOOKUP($B74,정산표!$B$113:$M$201,7,0) -> 210 | F74: =VLOOKUP($B74,정산표!$B$113:$M$201,12,0) -> 59964
C75: 금융수익 | E75: =SUM(E76:E78) -> 169543833 | F75: =SUM(F76:F78) -> 48493067
B76: 90100 | C76: =정산표!D187 -> 이자수익 | E76: =VLOOKUP($B76,정산표!$B$113:$M$201,7,0) -> 22098561 | F76: =VLOOKUP($B76,정산표!$B$113:$M$201,12,0) -> 28008260
B77: 90700 | C77: =정산표!D188 -> 외환차익 | E77: =VLOOKUP($B77,정산표!$B$113:$M$201,7,0) -> 109841433 | F77: =VLOOKUP($B77,정산표!$B$113:$M$201,12,0) -> 20481765
B78: 91000 | C78: =정산표!D189 -> 외화환산이익 | E78: =VLOOKUP($B78,정산표!$B$113:$M$201,7,0) -> 37603839 | F78: =VLOOKUP($B78,정산표!$B$113:$M$201,12,0) -> 3042 | K78: 4812566
C79: 금융비용 | E79: =SUM(E80:E83) -> 271149913 | F79: =SUM(F80:F83) -> 141374675 | K79: 17642036
B80: 93100 | C80: =정산표!D191 -> 이자비용 | E80: =VLOOKUP($B80,정산표!$B$113:$M$201,7,0) -> 98954951 | F80: =VLOOKUP($B80,정산표!$B$113:$M$201,12,0) -> 43244353 | K80: =SUM(K78:K79) -> 22454602
B81: 93800 | C81: 당기손익-공정가치측정금융자산평가손실 | E81: =VLOOKUP($B81,정산표!$B$113:$M$201,7,0) -> 0 | F81: =VLOOKUP($B81,정산표!$B$113:$M$201,12,0) -> 0
B82: 93200 | C82: =정산표!D193 -> 외환차손 | E82: =VLOOKUP($B82,정산표!$B$113:$M$201,7,0) -> 172194962 | F82: =VLOOKUP($B82,정산표!$B$113:$M$201,12,0) -> 40925617
B83: 93500 | C83: =정산표!D194 -> 외화환산손실 | E83: =VLOOKUP($B83,정산표!$B$113:$M$201,7,0) -> 0 | F83: =VLOOKUP($B83,정산표!$B$113:$M$201,12,0) -> 57204705
C84: 법인세비용차감전순이익 | E84: =E60+E61-E67+E75-E79 -> -788849810 | F84: =F60+F61-F67+F75-F79 -> 1323632141
B85: 99800 | C85: 법인세비용 | E85: =VLOOKUP($B85,정산표!$B$113:$M$201,7,0) -> 0 | F85: =VLOOKUP($B85,정산표!$B$113:$M$201,12,0) -> 0 | H85: =F85-E85 -> 0
C86: 당기순이익(손실) | E86: =E84-E85 -> -788849810 | F86: =F84-F85 -> 1323632141
C87: 1.지배기업소유주지분
C88: 2.비지배주주지분
C89: 기타포괄손익 | E89: =E90 -> 0 | F89: =F90 -> 0
C90: 당기손익으로 재분류되지 않는 포괄손익 | E90: =SUM(E91:E91) -> 0 | F90: =SUM(F91:F91) -> 0
B91: 39700 | C91: 종업원급여 재측정요소 | E91: =VLOOKUP($B91,정산표!$B$113:$M$201,7,0) -> 0 | F91: =VLOOKUP($B91,정산표!$B$113:$M$201,12,0) -> 0
C92: 총포괄손익 | E92: =E86+E89 -> -788849810 | F92: =F86+F89 -> 1323632141 | H92: 548233750
C93: 1.지배기업소유주지분
C94: 2.비지배주주지분
C95: 주당이익
C96: 기본주당순이익 | E96: ='33'!F12 -> -69 | F96: ='33'!H12 -> 211
C97: 희석주당순이익 | E97: =E96 -> -69 | F97: =F96 -> 211
E100: =E92=정산표!H201 -> TRUE | F100: =F92=정산표!M201 -> TRUE
E101: =E92=정산표!H201 -> TRUE

Sheet CE
B2: 자본변동표
B3: 과목 | C3: 자본금 | D3: 자본잉여금 | E3: 기타자본항목 | F3: 이익잉여금(결손금) | G3: 총계
B4: 2018.01.01(당기초) | C4: 2223895000 | D4: 3463257344 | E4: 46972105 | F4: -597980560 | G4: 5136143889
B5: 총포괄손익: | D5: 0
B6: 당기순이익 | C6: 0 | E6: 0 | F6: -4291126371 | G6: -4291126371
B7: 종업원급여재측정요소 | C7: 0 | D7: 0 | E7: 0 | F7: 20686363 | G7: 20686363
B8: 자본에직접반영된소유주와의거래
B9: 유상증자 | C9: 213000000 | D9: 2556000000 | E9: 0 | F9: 0 | G9: 2769000000
B10: 주식보상비용 | C10: 0 | D10: 0 | E10: 71446833 | F10: 0 | G10: 71446833
B11: 2018.12.31(전기말) | C11: =SUM(C4:C10) -> 2436895000 | D11: =SUM(D4:D10) -> 6019257344 | E11: =SUM(E4:E10) -> 118418938 | F11: =SUM(F4:F10) -> -4868420568 | G11: =SUM(G4:G10) -> 3706150714
B12: 2025.01.01(전기초) | C12: 3123279500 | D12: 12384121289 | E12: 377682898 | F12: -9779538403 | G12: =SUM(C12:F12) -> 6105545284
B13: 총포괄손익:
B14: 당기순이익 | C14: 0 | D14: 0 | E14: 0 | F14: =Dart_PL!F16 -> 1323632141 | G14: =SUM(C14:F14) -> 1323632141
B15: 종업원급여재측정요소 | C15: 0 | D15: 0 | E15: 0 | F15: =Dart_PL!F19 -> 0 | G15: =SUM(C15:F15) -> 0
B16: 자본에직접반영된소유주와의거래
B17: 유상증자 | C17: 0 | D17: 0 | E17: 0 | F17: 0 | G17: =SUM(C17:F17) -> 0
B18: 주식매수선택권의 행사 | C18: 19664500 | D18: 100443904 | E18: -27842570 | F18: 0 | G18: =SUM(C18:F18) -> 92265834
B19: 주식보상비용 | C19: 0 | D19: 0 | E19: =정산표!M141 -> 0 | F19: 0 | G19: =SUM(C19:F19) -> 0
B20: 2025.06.30(전반기말) | C20: =SUM(C12:C19) -> 3142944000 | D20: =SUM(D12:D19) -> 12484565193 | E20: =SUM(E12:E19) -> 349840328 | F20: =SUM(F12:F19) -> -8455906262 | G20: =SUM(G12:G19) -> 7521443259 | H20: 7521443259 | I20: =H20=G20 -> TRUE
B21: 2026.01.01(당기초) | C21: 5691191500 | D21: 45157382298 | E21: 424627793 | F21: -8783566486 | G21: =SUM(C21:F21) -> 42489635105
B22: 총포괄손익: | G22: =SUM(C22:F22) -> 0
B23: 당기순이익 | C23: 0 | D23: 0 | E23: 0 | F23: =정산표!H197 -> -788849810 | G23: =SUM(C23:F23) -> -788849810
B24: 종업원급여재측정요소 | C24: 0 | D24: 0 | E24: 0 | F24: =정산표!H199 -> 0 | G24: =SUM(C24:F24) -> 0
B25: 자본에직접반영된소유주와의거래 | G25: =SUM(C25:F25) -> 0
B26: 유상증자 | C26: 0 | D26: 0 | E26: 0 | F26: 0 | G26: =SUM(C26:F26) -> 0
B27: 주식매수선택권의 행사 | C27: 0 | D27: ='CF정산표(26.2Q)'!N103-'CF정산표(26.2Q)'!Q103 -> 0 | E27: ='CF정산표(26.2Q)'!P105 -> 0 | F27: 0 | G27: =SUM(C27:F27) -> 0
B28: 주식보상비용 | C28: 0 | D28: 0 | E28: =정산표!H141 -> 0 | F28: 0 | G28: =SUM(C28:F28) -> 0
B29: 2026.06.30(당기말) | C29: =SUM(C21:C28) -> 5691191500 | D29: =SUM(D21:D28) -> 45157382298 | E29: =SUM(E21:E28) -> 424627793 | F29: =SUM(F21:F28) -> -9572416296 | G29: =SUM(G21:G28) -> 41700785295 | H29: =Dart_BS!C39 -> 41700785295 | I29: =H29=G29 -> TRUE
B31: 전기대사 | C31: =C21=Dart_BS!D35 -> TRUE | D31: =D21=Dart_BS!D36 -> TRUE | E31: =E21=Dart_BS!D37 -> TRUE | F31: =F21=Dart_BS!D38 -> TRUE | G31: =G21=Dart_BS!D39 -> TRUE
B32: 당기대사 | C32: =C29=Dart_BS!C35 -> TRUE | D32: =D29=Dart_BS!C36 -> TRUE | E32: =E29=Dart_BS!C37 -> TRUE | F32: =F29=Dart_BS!C38 -> TRUE | G32: =G29=Dart_BS!C39 -> TRUE
C33: =C21-BS!F94 -> 0 | D33: =D21-BS!F95 -> 0 | E33: =E21-BS!F97 -> 0 | F33: =F21-BS!F99 -> 0 | G33: =G21-BS!F101 -> 0
C34: =C29-BS!E93 -> 0 | D34: =D29-BS!E95 -> 0 | E34: =E29-BS!E97 -> 0 | F34: =F29-BS!E99 -> 0 | G34: =G29-BS!E101 -> 0

Sheet CF
B1: 과목 | C1: 주석 | D1: =BS!E1 -> 46203 | E1: =PL!F1 -> 45838 | G1: 검증
B2: Ⅰ.영업활동으로인한현금흐름 | D2: =D3+D34+D35+D36 -> 1181452121 | E2: =E3+E34+E35+E36 -> 1255790252
B3: 1.영업에서창출된현금 | D3: =D4+D5+D26 -> 1255384365 | E3: =E4+E5+E26 -> 1319946478
B4: 가.당기순이익 | D4: =PL!E86 -> -788849810 | E4: =PL!F86 -> 1323632141
B5: 나.조정 | D5: =SUM(D6:D25) -> 850953963 | E5: =SUM(E6:E25) -> 857239522
B6: 대손상각비(환입) | D6: ='CF정산표(26.2Q)'!H15 -> -82887417 | E6: 56611534 | G6: =PL!E53=D6 -> TRUE | H6: =PL!F53=E6 -> TRUE
B7: 이자수익 | D7: =-'CF정산표(26.2Q)'!J16-'CF정산표(26.2Q)'!J42 -> -22098561 | E7: -28008260 | G7: =-PL!E76=D7 -> TRUE | H7: =-PL!F76=E7 -> TRUE
B8: 기타의대손상각비(환입) | D8: ='CF정산표(26.2Q)'!H32+'CF정산표(26.2Q)'!H19+'CF정산표(26.2Q)'!H17 -> -3000000 | E8: -3000000 | G8: =-PL!E62+PL!E68=D8 -> TRUE | H8: =-PL!F62+PL!F68=E8 -> TRUE
B9: 유형자산처분이익 | D9: =-('CF정산표(26.2Q)'!J54+'CF정산표(26.2Q)'!J65+'CF정산표(26.2Q)'!J63+'CF정산표(26.2Q)'!J53) -> -1202135 | E9: -1054000 | G9: =-PL!E64=D9 -> TRUE | H9: =-PL!F64=E9 -> TRUE
B10: 외화환산이익 | D10: =-'CF정산표(26.2Q)'!J11-'CF정산표(26.2Q)'!J14 -> -37603839 | E10: -3042 | G10: =-PL!E78=D10 -> TRUE | H10: =-PL!F78=E10 -> TRUE
B11: 재고자산평가손실(환입) | D11: ='CF정산표(26.2Q)'!H22+'CF정산표(26.2Q)'!H24+'CF정산표(26.2Q)'!H26-'CF정산표(26.2Q)'!J24-'CF정산표(26.2Q)'!J26-'CF정산표(26.2Q)'!J22+'CF정산표(26.2Q)'!H28-'CF정산표(26.2Q)'!J28 -> 131193174 | E11: 15216604 | G11: ='9'!E21=ROUND(D11/10^6,) -> TRUE
B12: 퇴직급여 | D12: ='CF정산표(26.2Q)'!H94 -> 188019390 | E12: 177665682 | G12: ='21'!E24=D12 -> TRUE
B13: 장기종업원급여 | D13: ='CF정산표(26.2Q)'!H90 -> 37001898 | E13: 34571148
B14: 주식보상비 | D14: ='CF정산표(26.2Q)'!H105 -> 0 | E14: 0 | G14: =PL!E30=D14 -> TRUE | H14: =PL!F30=E14 -> TRUE
B15: 이자비용 | D15: ='CF정산표(26.2Q)'!H76+'CF정산표(26.2Q)'!H92 -> 98954951 | E15: 43244353 | G15: =PL!E80=D15 -> TRUE | H15: =PL!F80=E15 -> TRUE
B16: 감가상각비 | D16: ='CF정산표(26.2Q)'!H51+'CF정산표(26.2Q)'!H53+'CF정산표(26.2Q)'!H57+'CF정산표(26.2Q)'!H59+'CF정산표(26.2Q)'!H62+'CF정산표(26.2Q)'!H64+'CF정산표(26.2Q)'!H66 -> 524170112 | E16: 359919576 | G16: =-'13'!J36=D16 -> TRUE
B17: 무형고정자산상각 | D17: ='CF정산표(26.2Q)'!H68+'CF정산표(26.2Q)'!H69+'CF정산표(26.2Q)'!H70+'CF정산표(26.2Q)'!H71 -> 21529107 | E17: 144426793 | G17: =-'14'!H22=D17 -> TRUE
B18: 유형자산처분손실 | D18: =SUMIFS('CF정산표(26.2Q)'!$H$8:$H$109,'CF정산표(26.2Q)'!$G$8:$G$109,"유형자산처분손실") -> 4825402 | E18: 3098042 | G18: =PL!E71=D18 -> TRUE | H18: =PL!F71=E18 -> TRUE
B19: 외화환산손실 | D19: ='CF정산표(26.2Q)'!H11+'CF정산표(26.2Q)'!H14 -> 0 | E19: 57204705 | G19: =PL!E83=D19 -> TRUE | H19: =PL!F83=E19 -> TRUE
B20: 당기손익-공정가치측정금융자산평가손실 | D20: ='CF정산표(26.2Q)'!H44 -> 0 | G20: =PL!E81=D20 -> TRUE
B21: 법인세비용(수익) | D21: ='CF정산표(26.2Q)'!H37 -> 0 | E21: 0 | G21: =PL!E85=D21 -> TRUE | H21: =PL!F85=E21 -> TRUE
B22: 종속기업투자주식손상환입 | D22: =-'CF정산표(26.2Q)'!J46 -> 0 | E22: 0
B23: 관계기업투자주식처분손실 | D23: ='CF정산표(26.2Q)'!H47 -> 0 | E23: 0 | G23: =PL!E70=D23 -> TRUE
B24: 종속기업투자주식손상차손 | D24: ='CF정산표(26.2Q)'!H46 -> 0 | E24: 0 | J24: =CF!E4+CF!E5+CF!E65 -> 2180867935
B25: 반품충당부채 설정(환입) | D25: ='CF정산표(26.2Q)'!H87 -> -7948119 | E25: -2653613
B26: 다.영업활동으로인한자산부채의변동 | D26: =SUM(D27:D33) -> 1193280212 | E26: =SUM(E27:E33) -> -860925185
B27: 매출채권및기타채권의 감소(증가) | D27: ='CF정산표(26.2Q)'!K14+'CF정산표(26.2Q)'!K18 -> 504628226 | E27: -285442157
B28: 기타유동자산의 감소(증가) | D28: ='CF정산표(26.2Q)'!K31+'CF정산표(26.2Q)'!K33+'CF정산표(26.2Q)'!K34 -> 665709412 | E28: -287650372
B29: 재고자산의 감소(증가) | D29: ='CF정산표(26.2Q)'!K21+'CF정산표(26.2Q)'!K23+'CF정산표(26.2Q)'!K25+'CF정산표(26.2Q)'!K29+'CF정산표(26.2Q)'!K27 -> -299528123 | E29: 73992229
B30: 매입채무및기타채무의 증가(감소) | D30: ='CF정산표(26.2Q)'!K78+'CF정산표(26.2Q)'!K79+'CF정산표(26.2Q)'!K80 -> 1534270814 | E30: -298721864
B31: 기타유동부채의 증가(감소) | D31: ='CF정산표(26.2Q)'!K86+'CF정산표(26.2Q)'!K81 -> -142571143 | E31: -1288559
B32: 기타장기종업원급여의 증가(감소) | D32: ='CF정산표(26.2Q)'!K90 -> -4380000 | E32: 0
B33: 퇴직금의 지급 | D33: ='CF정산표(26.2Q)'!K94 -> -1064848974 | E33: -61814462 | G33: ='21'!E13=D33 -> TRUE
B34: 2.이자의수취 | D34: ='CF정산표(26.2Q)'!K16 -> 14069356 | E34: 21472518
B35: 3.이자의지급 | D35: ='CF정산표(26.2Q)'!K76+'CF정산표(26.2Q)'!K92 -> -93326730 | E35: -92269564
B36: 4.법인세등환급액(부담액) | D36: ='CF정산표(26.2Q)'!K37 -> 5325130 | E36: 6640820
B37: Ⅱ.투자활동으로인한현금흐름 | D37: =D38+D45 -> -9023261400 | E37: =E38+E45 -> -534838334
B38: 1. 투자활동으로 인한 현금유입액 | D38: =SUM(D39:D44) -> 17756301 | E38: =SUM(E39:E44) -> 11233335
B39: 단기금융상품의 감소 | D39: ='CF정산표(26.2Q)'!L12 -> 0 | E39: 0
B40: 단기대여금의 감소 | D40: ='CF정산표(26.2Q)'!L36 -> 1250001 | E40: 3333335
B41: 유형자산의 처분 | D41: =SUM('CF정산표(26.2Q)'!L49:L64) -> 0 | E41: 5900000
B42: 기타유동금융자산의 감소 | D42: ='CF정산표(26.2Q)'!L35 -> 0 | E42: 0
B43: 기타비유동금융자산의 감소 | D43: ='CF정산표(26.2Q)'!L43+'CF정산표(26.2Q)'!L41 -> 16506300 | E43: 2000000 | H43: =CF!D4+CF!D5+CF!D65 -> 62104158
B44: 합병매수현금 | D44: ='CF정산표(26.2Q)'!L11 -> 0 | E44: 0
B45: 2. 투자활동으로 인한 현금유출액 | D45: =-SUM(D46:D54) -> -9041017701 | E45: =-SUM(E46:E54) -> -546071669
B46: 단기금융상품의 증가 | D46: ='CF정산표(26.2Q)'!M12 -> 0 | E46: 0
B47: 당기손익-측정금융자산의 증가 | D47: ='CF정산표(26.2Q)'!M44 -> 0 | E47: 0
B48: 단기대여금의 증가 | D48: ='CF정산표(26.2Q)'!M36 -> 0 | E48: 0
B49: 종속기업투자주식의 증가 | D49: ='CF정산표(26.2Q)'!M46 -> 8000000000 | E49: 0
B50: 관계기업투자주식의 증가 | D50: ='CF정산표(26.2Q)'!M47 -> 0 | E50: 0
B51: 유형자산의 취득 | D51: =SUM('CF정산표(26.2Q)'!M49:M65) -> 938495222 | E51: 546071669
B52: 무형자산의 취득 | D52: =SUM('CF정산표(26.2Q)'!M68:M71) -> 95882479 | E52: 0
B53: 기타유동금융자산의 증가 | D53: ='CF정산표(26.2Q)'!M35 -> 0 | E53: 0
B54: 기타비유동금융자산의 증가 | D54: ='CF정산표(26.2Q)'!M43+'CF정산표(26.2Q)'!M41 -> 6640000 | E54: 0
B55: Ⅲ.재무활동으로인한현금흐름 | D55: =D56+D61 -> -359236850 | E55: =E56+E61 -> -178763420
B56: 1.재무활동으로인한현금유입액 | D56: =SUM(D57:D60) -> 0 | E56: =SUM(E57:E60) -> 92265834
B57: 단기차입금의 차입 | D57: ='CF정산표(26.2Q)'!N82 -> 0 | E57: 0
B58: 장기차입금의 차입 | D58: ='CF정산표(26.2Q)'!N91 -> 0 | E58: 0
B59: 유상증자 | D59: 0 | E59: 0
B60: 주식선택권의 행사 | D60: 0 | E60: 92265834
B61: 2.재무활동으로인한현금유출액 | D61: =-SUM(D62:D64) -> -359236850 | E61: =-SUM(E62:E64) -> -271029254
B62: 단기차입금의 상환 | D62: ='CF정산표(26.2Q)'!O82 -> 0 | E62: 0
B63: 리스부채의 상환 | D63: ='CF정산표(26.2Q)'!O92+'CF정산표(26.2Q)'!O84 -> 275936850 | E63: 221049254
B64: 유동성장기차입금 상환 | D64: ='CF정산표(26.2Q)'!O83 -> 83300000 | E64: 49980000
B65: IV.현금및현금성자산의 환율변동효과 | D65: ='CF정산표(26.2Q)'!J11-'CF정산표(26.2Q)'!H11 -> 5 | E65: -3728
B66: V.현금의증가(Ⅰ+Ⅱ+Ⅲ+IV) | D66: =D2+D37+D55+D65 -> -8201046124 | E66: =E2+E37+E55+E65 -> 542184770
B67: VI.기초의현금 | D67: =Dart_BS!D6 -> 19169211185 | E67: 1957354410
B68: VII.기말의현금 | D68: =SUM(D66:D67) -> 10968165061 | E68: =SUM(E66:E67) -> 2499539180
D69: =D68=BS!E5 -> TRUE | E69: =E68=E70 -> TRUE
E70: 2499539180 | F70: 25년 2분기말 잔액

Sheet CF참고(비교용)
D1: 코드 | E1: 10300 | F1: 10600 | G1: 10800 | H1: 10900 | I1: 11600 | J1: 11700 | K1: 12000 | L1: 12100 | M1: 14600 | N1: 16000 | O1: 14700 | P1: 16100 | Q1: 14900 | R1: 16200 | S1: 15200 | T1: 15300 | U1: 15700 | V1: 13100 | W1: 13200 | X1: 13300 | Y1: 13500 | Z1: 14000 | AA1: 12400 | AB1: 13400 | AC1: 13600 | AD1: 18800 | AE1: 18900 | AF1: 19000 | AG1: 19500 | AH1: 17600 | AI1: 17700 | AJ1: 20100 | AK1: 20200 | AL1: 20300 | AM1: 20600 | AN1: 20700 | AO1: 20800 | AP1: 20900 | AQ1: 21000 | AR1: 21100 | AS1: 21200 | AT1: 21300 | AU1: 21400 | AV1: 21900 | AW1: 22000 | AX1: 22100 | AY1: 22200 | AZ1: 22300 | BA1: 22400 | BB1: 23200 | BC1: 23300 | BD1: 23900 | BE1: 24000 | BF1: 19600 | BG1: 25100 | BH1: 25300 | BI1: 25400 | BJ1: 26200 | BK1: 26000 | BL1: 28200 | BM1: 28300 | BN1: 25900 | BO1: 28100 | BP1: 31600 | BQ1: 29300 | BR1: 31500 | BS1: 29500 | BT1: 29500-1 | BU1: 33100 | BV1: 34100 | BW1: 34400 | BX1: 37700
D2: 계정명 | E2: =VLOOKUP(E$1,BS!$B$4:$F$102,2,0) -> 현금및현금성자산 | F2: =VLOOKUP(F$1,BS!$B$4:$F$102,2,0) -> 단기금융상품 | G2: =VLOOKUP(G$1,BS!$B$4:$F$102,2,0) -> 매출채권 | H2: =VLOOKUP(H$1,BS!$B$4:$F$102,2,0) -> 매출채권대손충당금 | I2: =VLOOKUP(I$1,BS!$B$4:$F$102,2,0) -> 미수수익 | J2: =VLOOKUP(J$1,BS!$B$4:$F$102,2,0) -> 미수수익대손충당금 | K2: =VLOOKUP(K$1,BS!$B$4:$F$102,2,0) -> 미수금 | L2: =VLOOKUP(L$1,BS!$B$4:$F$102,2,0) -> 미수금대손충당금 | ... BX2: =VLOOKUP(BX$1,BS!$B$4:$F$102,2,0) -> 처분전이익잉여금 | CG2: 자산 | CH2: 부채 | CI2: 자본
D3: 45657 | E3: =VLOOKUP(E$1,BS!$B$4:$F$102,5,0) -> 19169211185 | F3: =VLOOKUP(F$1,BS!$B$4:$F$102,5,0) -> 0 | G3: =VLOOKUP(G$1,BS!$B$4:$F$102,5,0) -> 1998788804 | H3: =VLOOKUP(H$1,BS!$B$4:$F$102,5,0) -> -188230079 | I3: =VLOOKUP(I$1,BS!$B$4:$F$102,5,0) -> 0 | J3: =VLOOKUP(J$1,BS!$B$4:$F$102,5,0) -> 0 | K3: =VLOOKUP(K$1,BS!$B$4:$F$102,5,0) -> 265023260 | L3: =VLOOKUP(L$1,BS!$B$4:$F$102,5,0) -> -27139000 | ... BX3: =VLOOKUP(BX$1,BS!$B$4:$F$102,5,0) -> -8783566486 | CG3: =SUM(E3:BF3) -> 55193887404 | CH3: =SUM(BG3:BT3) -> 12704252299 | CI3: =SUM(BU3:BX3) -> 42489635105 | CJ3: =CG3=CH3+CI3 -> TRUE | CK3: =CG3=BS!F102 -> TRUE
D4: =C8 -> 46203 | E4: =VLOOKUP(E$1,BS!$B$4:$F$102,4,0) -> 10968165061 | F4: =VLOOKUP(F$1,BS!$B$4:$F$102,4,0) -> 0 | G4: =VLOOKUP(G$1,BS!$B$4:$F$102,4,0) -> 1535770100 | H4: =VLOOKUP(H$1,BS!$B$4:$F$102,4,0) -> -105342662 | I4: =VLOOKUP(I$1,BS!$B$4:$F$102,4,0) -> 0 | J4: =VLOOKUP(J$1,BS!$B$4:$F$102,4,0) -> 0 | K4: =VLOOKUP(K$1,BS!$B$4:$F$102,4,0) -> 261017572 | L4: =VLOOKUP(L$1,BS!$B$4:$F$102,4,0) -> -24139000 | ... BX4: =VLOOKUP(BX$1,BS!$B$4:$F$102,4,0) -> -9572416296 | CG4: =SUM(E4:BF4) -> 54543045905 | CH4: =SUM(BG4:BT4) -> 12842260610 | CI4: =SUM(BU4:BX4) -> 41700785295 | CJ4: =CG4=CH4+CI4 -> TRUE | CK4: =CG4=BS!E102 -> TRUE
D5: 증감 | E5: =E3-E4 -> 8201046124 | F5: =F3-F4 -> 0 | G5: =G3-G4 -> 463018704 | H5: =H3-H4 -> -82887417 | I5: =I3-I4 -> 0 | J5: =J3-J4 -> 0 | K5: =K3-K4 -> 4005688 | L5: =L3-L4 -> -3000000 | ... BF5: =BF3-BF4 -> 0 | BG5: =BG4-BG3 -> -246481096 | BH5: =BH4-BH3 -> -85369203 | BI5: =BI4-BI3 -> 85200680 | BJ5: =BJ4-BJ3 -> 1806719222 | BK5: =BK4-BK3 -> 0 | BL5: =BL4-BL3 -> -83300000 | BM5: =BM4-BM3 -> -8918965 | BN5: =BN4-BN3 -> -227771823 | ... BX5: =BX4-BX3 -> -788849810
D6: 계 | E6: =SUM(E8:E1048576) -> 0 | F6: =SUM(F8:F1048576) -> 0 | G6: =SUM(G8:G1048576) -> 463018704 | H6: =SUM(H8:H1048576) -> 52323396 | I6: =SUM(I8:I1048576) -> 0 | J6: =SUM(J8:J1048576) -> 0 | K6: =SUM(K8:K1048576) -> 4005688 | L6: =SUM(L8:L1048576) -> -3000000 | ... BX6: =SUM(BX8:BX1048576) -> -788849810 | BZ6: =SUM(BZ8:BZ125) -> 0 | CA6: =SUM(CA8:CA125) -> 0 | CB6: =SUM(CB8:CB125) -> 0
D7: 검증 | F7: =F6-F5 -> 0 | G7: =G6-G5 -> 0 | H7: =H6-H5 -> 135210813 | I7: =I6-I5 -> 0 | J7: =J6-J5 -> 0 | K7: =K6-K5 -> 0 | L7: =L6-L5 -> 0 | M7: =M6-M5 -> 0 | ... BX7: =BX6-BX5 -> 0 | BZ7: 법인세비용 | CA7: 이자수익 | CB7: 이자비용
B8: 과목 | C8: =CF!D1 -> 46203 | BY8: 0
B9: Ⅰ. 영업활동 현금흐름 | C9: =SUM(C10,C41:C44) -> 1952791785 | BY9: 0
B10: 1. 영업으로부터 창출된 현금흐름 | C10: =SUM(C11:C12,C33) -> 2078568308 | BY10: 0
B11: 가. 당기순이익(손실) | C11: =SUM(E11:BY11) -> -788849810 | BX11: =Dart_PL!D16 -> -788849810 | BY11: 0
B12: 나. 비현금 조정 | C12: =SUM(C13:C31) -> 909141401 | BY12: 0
A13: =CF!D6-C13 -> -139498951 | B13: 대손상각비(환입) | C13: =SUM(E13:CD13) -> 56611534 | H13: =1082586+55528948 -> 56611534 | BY13: 0
A14: =CF!D8-C14 -> 0 | B14: 기타의대손상각비(환입) | C14: =SUM(E14:CD14) -> -3000000 | L14: -3000000
A15: =CF!D7-C15 -> 0 | B15: 이자수익 | C15: =SUM(E15:CD15) -> -22098561 | AE15: -6535742 | BY15: 0 | CA15: =-정산표!H187-AE15 -> -15562819
A16: =CF!D9-C16 -> -148135 | B16: 유형자산처분이익 | C16: =SUM(E16:CD16) -> -1054000 | AO16: -799000 | AY16: -255000 | BY16: 0
A17: =CF!D10-C17 -> -37600797 | B17: 외화환산이익 | C17: =SUM(E17:CD17) -> -3042 | E17: -3042 | G17: 0 | BY17: 0
A18: =CF!D11-C18 -> 120400482 | B18: 재고자산평가손실(환입) | C18: =SUM(E18:CD18) -> 10792692 | P18: 8624839 | R18: =4694588-4423912 -> 270676 | T18: 1897177 | BY18: 0
A19: =CF!D12-C19 -> 10353708 | B19: 퇴직급여 | C19: =SUM(E19:CD19) -> 177665682 | BS19: 177665682 | BY19: 0
A20: =CF!D13-C20 -> 2430750 | B20: 장기종업원급여 | C20: =SUM(E20:CD20) -> 34571148 | BP20: 34571148 | BY20: 0
A21: =CF!D14-C21 -> 0 | B21: 주식보상비 | C21: =SUM(E21:CD21) -> 0 | BY21: 0
A22: =CF!D15-C22 -> 0 | B22: 이자비용 | C22: =SUM(E22:CD22) -> 98954951 | BR22: 9731787 | BY22: 0 | CB22: =정산표!H191-BR22 -> 89223164
A23: =CF!D16-C23 -> 164250536 | B23: 감가상각비 | C23: =SUM(E23:CD23) -> 359919576 | AL23: 14123855 | AN23: 85320738 | AR23: 5559008 | AT23: 9262066 | AW23: 9899922 | AY23: 39100835 | BA23: 196653152 | BY23: 0
A24: =CF!D17-C24 -> -122897686 | B24: 무형고정자산상각 | C24: =SUM(E24:CD24) -> 144426793 | BB24: 7256965 | BC24: 8609400 | BD24: 125626794 | BE24: 2933634 | BY24: 0
A25: =CF!D18-C25 -> 1727360 | B25: 유형자산처분손실 | C25: =SUM(E25:CD25) -> 3098042 | V25: 3000000 | BA25: 98042 | BY25: 0
A26: =CF!D19-C26 -> -57204705 | B26: 외화환산손실 | C26: =SUM(E26:CD26) -> 57204705 | E26: 6770 | G26: 57197935 | BY26: 0
A27: =CF!D21-C27 -> 0 | B27: 법인세비용 | C27: =SUM(E27:CD27) -> 0 | BY27: 0
A28: =CF!D22-C28 -> 0 | B28: 종속기업투자주식손상환입 | C28: =SUM(E28:CD28) -> 0 | BY28: 0
A29: =CF!D23-C29 -> 0 | B29: 관계기업투자주식처분손실 | C29: =SUM(E29:CD29) -> 0 | BY29: 0
A30: =CF!D24-C30 -> 0 | B30: 종속기업투자주식손상차손 | C30: =SUM(E30:CD30) -> 0 | BY30: 0
A31: =CF!D25-C31 -> 0 | B31: 환불부채 | C31: =SUM(E31:CD31) -> -7948119 | BO31: =BO5 -> -7948119 | BY31: 0
BY32: 0
B33: 다. 운전자본 조정 | C33: =SUM(C34:C40) -> 1958276717 | BY33: 0
A34: =CF!D27-C34 -> 99089907 | B34: 매출채권및기타채권의 감소(증가) | C34: =SUM(E34:CD34) -> 405538319 | G34: =G5-G26-G17-G95 -> 401532631 | K34: =K5 -> 4005688 | BY34: 0
A35: =CF!D28-C35 -> 33950800 | B35: 기타유동자산의 감소(증가) | C35: =SUM(E35:CD35) -> 631758612 | V35: =V5-V89-V25-V96 -> 1853720967 | X35: =X5 -> -1225382768 | Z35: =Z5 -> 3420413 | BY35: 0
A36: =CF!D29-C36 -> 52364944 | B36: 재고자산의 감소(증가) | C36: =SUM(E36:CD36) -> -351893067 | M36: =M5 -> -5625714 | O36: =O5 -> -184897847 | Q36: =Q5-Q93 -> -162231623 | S36: =S5 -> 862117 | BY36: 0
A37: =CF!D30-C37 -> 57012356 | B37: 매입채무및기타채무의 증가(감소) | C37: =SUM(E37:CD37) -> 1477258458 | BG37: =BG5 -> -246481096 | BH37: =BH5 -> -85369203 | BJ37: =BJ5-BJ22-BJ42-BJ62-BJ86 -> 1809108757 | BY37: 0
A38: =CF!D31-C38 -> 0 | B38: 기타유동부채의 증가(감소) | C38: =SUM(E38:CD38) -> -142571143 | BI38: =BI5 -> 85200680 | BN38: =BN5 -> -227771823 | BY38: 0
A39: =CF!D32-C39 -> -4380000 | B39: 기타장기종업원급여의 증가(감소) | C39: =SUM(E39:CD39) -> 0 | BY39: 0
A40: =CF!D33-C40 -> -1003034512 | B40: 퇴직금의 지급 | C40: =SUM(E40:CD40) -> -61814462 | BS40: -61814462 | BY40: 0
A41: =CF!D34-C41 -> -1493463 | B41: 2. 이자 수취 | C41: =SUM(E41:CB41) -> 15562819 | I41: =-I15 -> 0 | BY41: 0 | CA41: =-CA15 -> 15562819
A42: =CF!D35-C42 -> 54653432 | B42: 3. 이자 지급 | C42: =SUM(E42:CB42) -> -147980162 | BJ42: -58756998 | BY42: 0 | CB42: =-CB22 -> -89223164
B43: 4. 배당금수익 | C43: =SUM(E43:CB43) -> 0 | BY43: 0
A44: =CF!D36-C44 -> -1315690 | B44: 5. 법인세납부 | C44: =SUM(E44:CB44) -> 6640820 | AC44: 6640820 | BY44: 0
BY45: 0
B46: II. 투자활동현금흐름 | C46: =C47+C56 -> -534838334 | BY46: 0
B47: 1. 투자활동으로 인한 현금유입액 | C47: =SUM(C48:C53) -> 11233335 | BY47: 0
A48: =CF!D39-C48 -> 0 | B48: 단기금융상품의 감소 | C48: =SUM(E48:BY48) -> 0 | BY48: 0
A49: =CF!D40-C49 -> -2083334 | B49: 단기대여금의 감소 | C49: =SUM(E49:BY49) -> 3333335 | AB49: 3333335 | BY49: 0
A50: =CF!D41-C50 -> -5900000 | B50: 유형자산의 처분 | C50: =SUM(E50:BY50) -> 5900000 | AO50: =6409230-AO16 -> 7208230 | AP50: -6408230 | AX50: 5100000 | BY50: 0
A51: =CF!D42-C51 -> 0 | B51: 기타유동금융자산의 감소 | C51: =SUM(E51:BY51) -> 0 | BY51: 0
A52: =CF!D43-C52 -> 14506300 | B52: 기타비유동금융자산의 감소 | C52: =SUM(E52:BY52) -> 2000000 | AD52: 2000000 | BY52: 0
A53: =CF!D44-C53 -> 0 | B53: 합병매수현금 | C53: =SUM(E53:BY53) -> 0 | BY53: 0
BY54: 0
BY55: 0
B56: 2. 투자활동으로 인한 현금유출액 | C56: =SUM(C57:C65) -> -546071669 | BY56: 0
A57: =CF!D46+C57 -> 0 | B57: 단기금융상품의 증가 | C57: =SUM(E57:BY57) -> 0 | BY57: 0
A58: =CF!D47+C58 -> 0 | B58: 당기손익-측정금융자산의 증가 | C58: =SUM(E58:BY58) -> 0 | BY58: 0
A59: =CF!D48+C59 -> 0 | B59: 단기대여금의 증가 | C59: =SUM(E59:BY59) -> 0 | BY59: 0
A60: =CF!D49+C60 -> 8000000000 | B60: 종속기업투자주식의 증가 | C60: =SUM(E60:BY60) -> 0 | BY60: 0
A61: =CF!D50+C61 -> 0 | B61: 관계기업투자주식의 증가 | C61: =SUM(E61:BY61) -> 0 | BY61: 0
A62: =CF!D51+C62 -> 392423553 | B62: 유형자산의 취득 | C62: =SUM(E62:BY62) -> -546071669 | AM62: =-8500000-22770000 -> -31270000 | AS62: =-3886210-8427272 -> -12313482 | AU62: =-558855650-AU86 -> -502488187 | BY62: 0
A63: =CF!D52+C63 -> 95882479 | B63: 무형자산의 취득 | C63: =SUM(E63:BY63) -> 0 | BY63: 0
A64: =CF!D53+C64 -> 0 | B64: 기타유동금융자산의 증가 | C64: =SUM(E64:BY64) -> 0 | BY64: 0
A65: =CF!D54+C65 -> 6640000 | B65: 기타비유동금융자산의 증가 | C65: =SUM(E65:BY65) -> 0 | BY65: 0
BY66: 0
B67: Ⅲ. 재무활동 현금흐름 | C67: =C68+C73 -> -178763420 | BY67: 0
B68: 1. 재무활동으로 인한 현금유입액 | C68: =SUM(C69:C71) -> 92265834 | BY68: 0
A69: =CF!D57-C69 -> 0 | B69: 단기차입금의 차입 | C69: =SUM(E69:BY69) -> 0 | BY69: 0
A70: =CF!D58-C70 -> 0 | B70: 장기차입금의 차입 | C70: =SUM(E70:BY70) -> 0 | BY70: 0
A71: =CF!D60-C71 -> -92265834 | B71: 주식선택권의 행사 | C71: =SUM(E71:BY71) -> 92265834 | BU71: 19664500 | BV71: 72601334 | BY71: 0
BY72: 0
B73: 2. 재무활동으로 인한 현금유출액 | C73: =SUM(C74:C76) -> -271029254 | BY73: 0
A74: =CF!D62+C74 -> 0 | B74: 단기차입금의 상환 | C74: =SUM(E74:BY74) -> 0 | BY74: 0
A75: =CF!D63+C75 -> 54887596 | B75: 리스부채의 상환 | C75: =SUM(E75:BY75) -> -221049254 | BM75: -157172274 | BR75: =-36581193-BR22-17564000 -> -63876980 | BY75: 0
A76: =CF!D64+C76 -> 33320000 | B76: 유동성장기차입금 상환 | C76: =SUM(E76:BY76) -> -49980000 | BL76: -49980000 | BY76: 0
B77: Ⅳ. 현금및현금성자산의 증감 | C77: =C9+C46+C67 -> 1239190031 | BY77: 0
A78: =CF!D65-C78 -> 3733 | B78: 외화표시 현금및현금성자산의 환율변동효과 | C78: =SUM(E78:BY78) -> -3728 | E78: =-E26-E17 -> -3728 | BY78: 0
B79: 기초 현금및현금성자산 | C79: =BS!F5 -> 19169211185 | BY79: 0
B80: Ⅴ. 기말 현금및현금성자산 | C80: =SUM(C77:C79) -> 20408397488 | BY80: 0
C81: =C80=E4 -> FALSE | BY81: 0
BY82: 0
BY83: 0
B84: <비현금거래> | BY84: 0
B85: 당기순이익 이익잉여금 대체 | C85: =SUM(E85:BY85) -> 0 | BY85: 0
B86: 차입원가 자본화 | C86: =SUM(E86:BY86) -> 0 | AU86: =-BJ86 -> -56367463 | BJ86: 56367463 | BY86: 0
B87: 차입금 유동성 대체 | C87: =SUM(E87:BY87) -> 0 | BL87: =-BQ87 -> 49980000 | BQ87: =-24990000-24990000 -> -49980000 | BY87: 0
B88: 보험수리적손익 | C88: =SUM(E88:BY88) -> 0 | BY88: 0
B89: 특허권-선급금 대체 | C89: =SUM(E89:BY89) -> 0 | V89: =-BB89 -> 3950800 | BB89: -3950800 | BY89: 0
B90: 건설중인자산 대체 | C90: =SUM(E90:BY90) -> 0 | AJ90: =-건중대체!M8 -> 0 | AK90: =-건중대체!M7 -> -115440965 | AM90: =-건중대체!M3 -> -557640020 | AS90: =-건중대체!M4 -> -1476538478 | AU90: =SUM(건중대체!M3:M5,건중대체!M7:M8) -> 2648657367 | AX90: =-건중대체!M5 -> -499037904 | BY90: 0
B91: 보증금 유동성 대체 | C91: =SUM(E91:BY91) -> 0 | AA91: 2000000 | AD91: =-AA91 -> -2000000 | BY91: 0
B92: 주식매수선택권 대체 | C92: =SUM(E92:BY92) -> 0 | BV92: =-BW92 -> 27842570 | BW92: -27842570
B93: 재고자산 폐기 | Q93: =-R93 -> 52364944 | R93: -52364944
B94: 종속기업투자주식 출자 | C94: =SUM(E94:BY94) -> 0 | BY94: 0
B95: 매출채권 제각 | C95: =SUM(E95:BY95) -> 0 | G95: =-H95 -> 4288138 | H95: -4288138
B96: 사용권자산 및 리스부채의 인식 | C96: =SUM(E96:BY96) -> 0 | AZ96: =-12122500-67903122 -> -80025622 | BR96: =-AZ96-V96 -> 80025622 | BY96: 0
B97: 리스부채 유동대체 | C97: =SUM(E97:BY97) -> 0 | BM97: 2935662 | BR97: =-BM97 -> -2935662
B98: 리스 종료 | C98: =SUM(E98:BY98) -> 0 | AZ98: =61908322+53316223 -> 115224545 | BA98: =-61908322-45318791-BA25 -> -107325155 | BM98: -7899390 | BY98: 0
BY99: 0
BY100: 0
...

Sheet CF정산표(26.2Q)
B1: 현금흐름정산표 | K1: ='CF정산표(26.2Q)'!K14+'CF정산표(26.2Q)'!K18 -> 504628226
F3: =ROUND((SUM('CF정산표(26.2Q)'!H22:H29)-SUM('CF정산표(26.2Q)'!J22:J29))/10^6,) -> 131 | N3: ='CF정산표(26.2Q)'!J11-'CF정산표(26.2Q)'!H11 -> 5
F4: =G4 -> 0 | G4: =SUM(H112:P112,Q111) -> 0 | M4: ='CF정산표(26.2Q)'!K78+'CF정산표(26.2Q)'!K79+'CF정산표(26.2Q)'!K80 -> 1534270814
C5: =C73=BS!E68 -> TRUE | D5: =D73=BS!F68 -> TRUE | G5: 영업활동 | P5: 대변 | Q5: 차변
B6: 과목 | C6: =BS!E1 -> 46203 | D6: =BS!F1 -> 46022 | E6: 증감 | F6: 검증 | G6: (현금유입 없는)영업활동 | K6: 영업활동으로인한 자산·부채의 변동 | L6: 투자활동 | N6: 재무활동 | P6: 비현금
G7: 유입 | I7: 유출 | K7: 유입 | L7: 유입 | M7: 유출 | N7: 유입 | O7: 유출 | P7: 유입 | Q7: 유출
B9: 유동자산
B10: =BS!C4 -> 현금및현금성자산
A11: ` | B11: =BS!C5 -> 현금및현금성자산 | C11: =BS!E5 -> 10968165061 | D11: =BS!F5 -> 19169211185 | E11: =C11-D11 -> -8201046124 | F11: =E11+H11-J11+K11+L11-M11+N11-O11+P11-Q11 -> -8201046129 | G11: 외화환산손실 | I11: 외화환산이익 | J11: 5
B12: =BS!C6 -> 단기금융상품 | C12: =BS!E6 -> 0 | D12: =BS!F6 -> 0 | E12: =C12-D12 -> 0 | F12: =E12+H12-J12+K12+L12-M12+N12-O12+P12-Q12 -> 0
B13: =BS!C7 -> 매출채권및기타채권
B14: =BS!C8 -> 매출채권 | C14: =BS!E8 -> 1535770100 | D14: =BS!F8 -> 1998788804 | E14: =C14-D14 -> -463018704 | F14: =E14+H14-J14+K14+L14-M14+N14-O14+P14-Q14 -> 0 | G14: 외화환산손실 | H14: =PL!E83-H11 -> 0 | I14: 외화환산이익 | J14: 37603834 | K14: 500622538 | P14: =Q15 -> 0 | R14: 제각
B15: =BS!C9 -> 매출채권대손충당금 | C15: =BS!E9 -> -105342662 | D15: =BS!F9 -> -188230079 | E15: =C15-D15 -> 82887417 | F15: =E15+H15-J15+K15+L15-M15+N15-O15+P15-Q15 -> 0 | G15: 대손상각비(환입) | H15: -82887417 | R15: 제각
B16: =BS!C10 -> 미수수익 | C16: =BS!E10 -> 0 | D16: =BS!F10 -> 0 | E16: =C16-D16 -> 0 | F16: =E16+H16-J16+K16+L16-M16+N16-O16+P16-Q16 -> 0 | I16: 이자수익 | J16: =PL!E76-J42 -> 14069356 | K16: 14069356
B17: =BS!C11 -> 미수수익대손충당금 | C17: =BS!E11 -> 0 | D17: =BS!F11 -> 0 | E17: =C17-D17 -> 0 | F17: =E17+H17-J17+K17+L17-M17+N17-O17+P17-Q17 -> 0 | G17: 대손상각비
B18: =BS!C12 -> 미수금 | C18: =BS!E12 -> 261017572 | D18: =BS!F12 -> 265023260 | E18: =C18-D18 -> -4005688 | F18: =E18+H18-J18+K18+L18-M18+N18-O18+P18-Q18 -> 0 | K18: 4005688
B19: =BS!C13 -> 미수금대손충당금 | C19: =BS!E13 -> -24139000 | D19: =BS!F13 -> -27139000 | E19: =C19-D19 -> 3000000 | F19: =E19+H19-J19+K19+L19-M19+N19-O19+P19-Q19 -> 0 | G19: 대손상각비(환입) | H19: =-1500000*2 -> -3000000
B20: =BS!C14 -> 재고자산 | F20: =E20+H20-J20+K20+L20-M20+N20-O20+P20-Q20 -> 0
B21: =BS!C15 -> 상품 | C21: =BS!E15 -> 47852743 | D21: =BS!F15 -> 42227029 | E21: =C21-D21 -> 5625714 | F21: =E21+H21-J21+K21+L21-M21+N21-O21+P21-Q21 -> 0 | K21: =-E21+Q21 -> -5625714
B22: =BS!C16 -> 상품평가충당금 | C22: =BS!E16 -> 0 | D22: =BS!F16 -> -14089 | E22: =C22-D22 -> 14089 | F22: =E22+H22-J22+K22+L22-M22+N22-O22+P22-Q22 -> 0 | G22: 손실 | I22: 환입 | J22: 14089 | R22: 상품폐기
B23: =BS!C17 -> 제품 | C23: =BS!E17 -> 2534717672 | D23: =BS!F17 -> 2349819825 | E23: =C23-D23 -> 184897847 | F23: =E23+H23-J23+K23+L23-M23+N23-O23+P23-Q23 -> 0 | K23: =-E23+Q23-P23 -> -184897847 | P23: =Q24 -> 0
B24: =BS!C18 -> 제품평가충당금 | C24: =BS!E18 -> -827921741 | D24: =BS!F18 -> -725171962 | E24: =C24-D24 -> -102749779 | F24: =E24+H24-J24+K24+L24-M24+N24-O24+P24-Q24 -> 0 | G24: 손실 | H24: 102749779 | I24: 환입 | R24: 제품폐기
B25: =BS!C19 -> 원재료 | C25: =BS!E19 -> 464851515 | D25: =BS!F19 -> 354984836 | E25: =C25-D25 -> 109866679 | F25: =E25+H25-J25+K25+L25-M25+N25-O25+P25-Q25 -> 0 | K25: =-E25+Q25-P25 -> -109866679 | P25: =Q26 -> 0
B26: =BS!C20 -> 원재료평가충당금 | C26: =BS!E20 -> -44697318 | D26: =BS!F20 -> -34479470 | E26: =C26-D26 -> -10217848 | F26: =E26+H26-J26+K26+L26-M26+N26-O26+P26-Q26 -> 0 | G26: 손실 | H26: 10217848 | I26: 환입 | R26: 원재료폐기
B27: =BS!C21 -> 부재료 | C27: =BS!E21 -> 48405072 | D27: =BS!F21 -> 49267189 | E27: =C27-D27 -> -862117 | F27: =E27+H27-J27+K27+L27-M27+N27-O27+P27-Q27 -> 0 | K27: =-E27+Q27 -> 862117
B28: =BS!C22 -> 부재료평가충당금 | C28: =BS!E22 -> -20598322 | D28: =BS!F22 -> -2358686 | E28: =C28-D28 -> -18239636 | F28: =E28+H28-J28+K28+L28-M28+N28-O28+P28-Q28 -> 0 | G28: 손실 | H28: 18239636 | I28: 환입
B29: 재공품 | C29: =BS!E23 -> 0 | D29: =BS!F23 -> 0 | E29: =C29-D29 -> 0 | F29: =E29+H29-J29+K29+L29-M29+N29-O29+P29-Q29 -> 0
B30: =BS!C24 -> 기타유동자산 | F30: =E30+H30-J30+K30+L30-M30+N30-O30+P30-Q30 -> 0
B31: =BS!C25 -> 선급금 | C31: =BS!E25 -> 394157762 | D31: =BS!F25 -> 2254829529 | E31: =C31-D31 -> -1860671767 | F31: =E31+H31-J31+K31+L31-M31+N31-O31+P31-Q31 -> 0 | K31: 1887671767 | P31: =Q68+T31 -> 0 | Q31: 27000000 | R31: 기계장치 반품
B32: =BS!C26 -> 선급금대손충당금 | C32: =BS!E26 -> 0 | D32: =BS!F26 -> 0 | E32: =C32-D32 -> 0 | F32: =E32+H32-J32+K32+L32-M32+N32-O32+P32-Q32 -> 0 | G32: 대손상각비
B33: =BS!C27 -> 선급비용 | C33: =BS!E27 -> 1698698289 | D33: =BS!F27 -> 473315521 | E33: =C33-D33 -> 1225382768 | F33: =E33+H33-J33+K33+L33-M33+N33-O33+P33-Q33 -> 0 | K33: =-E33+Q33 -> -1225382768
B34: =BS!C28 -> 환불자산 | C34: =BS!E28 -> 4272227 | D34: =BS!F28 -> 7692640 | E34: =C34-D34 -> -3420413 | F34: =E34+H34-J34+K34+L34-M34+N34-O34+P34-Q34 -> 0 | G34: 환불자산 | K34: =-E34+Q34 -> 3420413
B35: =BS!C31 -> 임차보증금(유동) | C35: =BS!E31 -> 0 | D35: =BS!F31 -> 0 | E35: =C35-D35 -> 0 | F35: =E35+H35-J35+K35+L35-M35+N35-O35+P35-Q35 -> 0 | R35: 유동성 대체
B36: 단기대여금 | C36: =BS!E32 -> 0 | D36: =BS!F32 -> 1250001 | E36: =C36-D36 -> -1250001 | F36: =E36+H36-J36+K36+L36-M36+N36-O36+P36-Q36 -> 0 | L36: 1250001 | R36: 주임종단기채권
B37: =BS!C33 -> 당기법인세자산 | C37: =BS!E33 -> 2154280 | D37: =BS!F33 -> 7479410 | E37: =C37-D37 -> -5325130 | F37: =E37+H37-J37+K37+L37-M37+N37-O37+P37-Q37 -> 0 | G37: 법인세비용 | H37: =PL!E85 -> 0 | K37: 5325130 | Q37: =-Q72 -> 0 | R37: 보험수리적손익 법인세효과
B39: =BS!C34 -> 비유동자산
B40: =BS!C35 -> 기타비유동금융자산
B41: =BS!C36 -> 임차보증금 | C41: =BS!E36 -> 403800000 | D41: =BS!F36 -> 413778000 | E41: =C41-D41 -> -9978000 | F41: =E41+H41-J41+K41+L41-M41+N41-O41+P41-Q41 -> 0 | L41: 15978000 | M41: 6000000 | R41: 유동성대체
B42: =BS!C37 -> 임차보증금_현재가치할인차금 | C42: =BS!E37 -> -27853494 | D42: =BS!F37 -> -35581895 | E42: =C42-D42 -> 7728401 | F42: =E42+H42-J42+K42+L42-M42+N42-O42+P42-Q42 -> 0 | I42: 이자수익 | J42: 8029205 | P42: 300804 | R42: 신규리스, 리스처분
B43: =BS!C38 -> 기타보증금 | C43: =BS!E38 -> 10135870 | D43: =BS!F38 -> 10024170 | E43: =C43-D43 -> 111700 | F43: =E43+H43-J43+K43+L43-M43+N43-O43+P43-Q43 -> 0 | L43: 528300 | M43: 640000
B44: =BS!C39 -> 당기손익-공정가치금융자산 | C44: =BS!E39 -> 172664940 | D44: =BS!F39 -> 172664940 | E44: =C44-D44 -> 0 | F44: =E44+H44-J44+K44+L44-M44+N44-O44+P44-Q44 -> 0 | G44: FVPL평가손실
B45: =BS!C40 -> 종속기업및관계기업투자 | F45: =E45+H45-J45+K45+L45-M45+N45-O45+P45-Q45 -> 0
B46: =BS!C41 -> 종속기업투자 | C46: =BS!E41 -> 25348225181 | D46: =BS!F41 -> 348225681 | E46: =C46-D46 -> 24999999500 | F46: =E46+H46-J46+K46+L46-M46+N46-O46+P46-Q46 -> 0 | G46: 손상차손 | H46: =PL!E72 -> 0 | I46: 손상차손환입 | M46: 8000000000 | Q46: =P47 -> 16999999500 | R46: 관계->종속
B47: =BS!C42 -> 관계기업투자 | C47: =BS!E42 -> 0 | D47: =BS!F42 -> 16999999500 | E47: =C47-D47 -> -16999999500 | F47: =E47+H47-J47+K47+L47-M47+N47-O47+P47-Q47 -> 0 | G47: 관계기업투자주식처분손실 | H47: =별도_AJE_26.2Q!G123 -> 0 | P47: 16999999500
B48: =BS!C43 -> 유형자산 | F48: =E48+H48-J48+K48+L48-M48+N48-O48+P48-Q48 -> 0 | S48: =SUM(S45:S46) -> 0
B49: =BS!C44 -> 토지 | C49: =BS!E44 -> 1115280040 | D49: =BS!F44 -> 557640020 | E49: =C49-D49 -> 557640020 | F49: =E49+H49-J49+K49+L49-M49+N49-O49+P49-Q49 -> 0 | Q49: =건중대체!M3 -> 557640020 | R49: 건중대체
B50: =BS!C45 -> 건물 | C50: =BS!E45 -> 2832428420 | D50: =BS!F45 -> 1355889942 | E50: =C50-D50 -> 1476538478 | F50: =E50+H50-J50+K50+L50-M50+N50-O50+P50-Q50 -> 0 | Q50: =건중대체!M4 -> 1476538478 | R50: 건중대체
B51: =BS!C46 -> 감가상각누계액 | C51: =BS!E46 -> -61959374 | D51: =BS!F46 -> -31072481 | E51: =C51-D51 -> -30886893 | F51: =E51+H51-J51+K51+L51-M51+N51-O51+P51-Q51 -> 0 | G51: 감가상각비 | H51: 30886893
B52: =BS!C47 -> 기계장치 | C52: =BS!E47 -> 2674264961 | D52: =BS!F47 -> 1819453967 | E52: =C52-D52 -> 854810994 | F52: =E52+H52-J52+K52+L52-M52+N52-O52+P52-Q52 -> 0 | M52: =54041000+434058500 -> 488099500 | P52: =Q79+Q31 -> 90000000 | Q52: =건중대체!M6 -> 456711494 | R52: 건중대체+유형자산 처분
B53: =BS!C48 -> 감가상각누계액 | C53: =BS!E48 -> -1323604760 | D53: =BS!F48 -> -1210652849 | E53: =C53-D53 -> -112951911 | F53: =E53+H53-J53+K53+L53-M53+N53-O53+P53-Q53 -> 0 | G53: 감가상각비 | H53: 113701911 | I53: 유형자산처분이익 | J53: 750000 | R53: 유형자산 처분
B54: =BS!C49 -> 차량운반구 | C54: =BS!E49 -> 7974819 | D54: =BS!F49 -> 7974819 | E54: =C54-D54 -> 0 | F54: =E54+H54-J54+K54+L54-M54+N54-O54+P54-Q54 -> 0 | G54: 유형자산처분손실 | I54: 유형자산처분이익 | R54: 유형자산 처분
B55: =BS!C50 -> 감가상각누계액 | C55: =BS!E50 -> -7972819 | D55: =BS!F50 -> -7972819 | E55: =C55-D55 -> 0 | F55: =E55+H55-J55+K55+L55-M55+N55-O55+P55-Q55 -> 0 | G55: 감가상각비
B56: =BS!C51 -> 공구와기구 | C56: =BS!E51 -> 131100000 | D56: =BS!F51 -> 131100000 | E56: =C56-D56 -> 0 | F56: =E56+H56-J56+K56+L56-M56+N56-O56+P56-Q56 -> 0
B57: =BS!C52 -> 감가상각누계액 | C57: =BS!E52 -> -67838194 | D57: =BS!F52 -> -58155206 | E57: =C57-D57 -> -9682988 | F57: =E57+H57-J57+K57+L57-M57+N57-O57+P57-Q57 -> 0 | G57: 감가상각비 | H57: 9682988
B58: =BS!C53 -> 집기비품 | C58: =BS!E53 -> 368187065 | D58: =BS!F53 -> 392461239 | E58: =C58-D58 -> -24274174 | F58: =E58+H58-J58+K58+L58-M58+N58-O58+P58-Q58 -> 0 | G58: 유형자산처분손실 | H58: =3000+123000+4696402 -> 4822402 | M58: =3779090+30051182 -> 33830272 | P58: =173545411-H58 -> 168723009 | Q58: =건중대체!M7 -> 115440965 | R58: 건중대체
B59: =BS!C54 -> 감가상각누계액 | C59: =BS!E54 -> -189699106 | D59: =BS!F54 -> -341221676 | E59: =C59-D59 -> 151522570 | F59: =E59+H59-J59+K59+L59-M59+N59-O59+P59-Q59 -> 0 | G59: 감가상각비 | H59: 17200439 | Q59: 168723009 | R59: 유형자산 폐기
B60: =BS!C55 -> 건설중인자산 | C60: =BS!E55 -> 1376213175 | D60: =BS!F55 -> 4039985025 | E60: =C60-D60 -> -2663771850 | F60: =E60+H60-J60+K60+L60-M60+N60-O60+P60-Q60 -> 0 | M60: =409818000+6747450 -> 416565450 | P60: =Q49+Q52+Q58+Q63+Q50 -> 3105368861 | Q60: =P76 -> 25031561 | R60: 차입원가자본화 및 건중대체
B61: =BS!C56 -> 인테리어 | C61: =BS!E56 -> 131819200 | D61: =BS!F56 -> 218118382 | E61: =C61-D61 -> -86299182 | F61: =E61+H61-J61+K61+L61-M61+N61-O61+P61-Q61 -> 0 | G61: 유형자산처분손실 | H61: 3000 | P61: =86299182-H61 -> 86296182
B62: =BS!C57 -> 감가상각누계액 | C62: =BS!E57 -> -131811200 | D62: =BS!F57 -> -217473398 | E62: =C62-D62 -> 85662198 | F62: =E62+H62-J62+K62+L62-M62+N62-O62+P62-Q62 -> 0 | G62: 감가상각비 | H62: 633984 | Q62: 86296182
B63: =BS!C58 -> 시설장치 | C63: =BS!E58 -> 972487904 | D63: =BS!F58 -> 473450000 | E63: =C63-D63 -> 499037904 | F63: =E63+H63-J63+K63+L63-M63+N63-O63+P63-Q63 -> 0 | G63: 유형자산처분손실 | I63: 유형자산처분이익 | Q63: =건중대체!M5 -> 499037904 | R63: 건중대체
B64: =BS!C59 -> 감가상각누계액 | C64: =BS!E59 -> -169400862 | D64: =BS!F59 -> -85582504 | E64: =C64-D64 -> -83818358 | F64: =E64+H64-J64+K64+L64-M64+N64-O64+P64-Q64 -> 0 | G64: 감가상각비 | H64: 83818358 | T64: 취득가액 | U64: 감누액 | V64: 리스부채(비유동) | W64: 리스부채(유동)
B65: =BS!C60 -> 사용권자산 | C65: =BS!E60 -> 1731999794 | D65: =BS!F60 -> 1784674683 | E65: =C65-D65 -> -52674889 | F65: =E65+H65-J65+K65+L65-M65+N65-O65+P65-Q65 -> 0 | G65: 유형자산처분손실 | I65: 유형자산처분이익 | J65: 452135 | P65: =T65+J65 -> 62139942 | Q65: =T66 -> 9012918 | S65: 사용권자산 처분 | T65: 61687807 | U65: 43469341 | V65: 3682515 | W65: 15273120
B66: =BS!C61 -> 사용권자산감가상각누계액 | C66: =BS!E61 -> -370585998 | D66: =BS!F61 -> -145809800 | E66: =C66-D66 -> -224776198 | F66: =E66+H66-J66+K66+L66-M66+N66-O66+P66-Q66 -> 0 | G66: =G62 -> 감가상각비 | H66: 268245539 | Q66: 43469341 | S66: 사용권자산 취득 | T66: 9012918 | V66: 2357959 | W66: 6354155
B67: =BS!C62 -> 무형자산
B68: =BS!C63 -> 특허권 | C68: =BS!E63 -> 49108768 | D68: =BS!F63 -> 18182933 | E68: =C68-D68 -> 30925835 | F68: =E68+H68-J68+K68+L68-M68+N68-O68+P68-Q68 -> 0 | G68: 무형고정자산상각 | H68: 7579149 | M68: =36656484+1848500 -> 38504984 | R68: 특허권-선급금 대체
B69: =BS!C64 -> 상표권 | C69: =BS!E64 -> 23719703 | D69: =BS!F64 -> 19838530 | E69: =C69-D69 -> 3881173 | F69: =E69+H69-J69+K69+L69-M69+N69-O69+P69-Q69 -> 0 | G69: 무형고정자산상각 | H69: 6296322 | M69: =9652495+525000 -> 10177495
B70: =BS!C65 -> 개발비 | C70: =BS!E65 -> 0 | D70: =BS!F65 -> 0 | E70: =C70-D70 -> 0 | F70: =E70+H70-J70+K70+L70-M70+N70-O70+P70-Q70 -> 0 | G70: 무형고정자산상각
B71: =BS!C66 -> 소프트웨어 | C71: =BS!E66 -> 51893651 | D71: =BS!F66 -> 12347287 | E71: =C71-D71 -> 39546364 | F71: =E71+H71-J71+K71+L71-M71+N71-O71+P71-Q71 -> 0 | G71: 무형고정자산상각 | H71: =3826818*2 -> 7653636 | M71: 47200000
B72: =BS!C67 -> 이연법인세자산 | C72: =BS!E67 -> 2555104971 | D72: =BS!F67 -> 2555104971 | E72: =C72-D72 -> 0 | F72: =E72+H72-J72+K72+L72-M72+N72-O72+P72-Q72 -> 0
B73: =BS!C68 -> 자산총계 | C73: =SUM(C10:C72) -> 54543045905 | D73: =SUM(D10:D72) -> 55193887404
B75: =BS!C69 -> 부채
B76: 미지급비용-이자비용 | C76: 9637719 | D76: 6039610 | E76: =C76-D76 -> 3598109 | F76: =-E76+H76-J76+K76+L76-M76+N76-O76+P76-Q76 -> 0 | G76: 이자비용 | H76: =PL!E80-H92 -> 71893278 | K76: -93326730 | P76: 25031561 | R76: 차입원가자본화
B77: =BS!C71 -> 매입채무및기타채무 | E77: =C77-D77 -> 0 | F77: =-E77+H77-J77+K77+L77-M77+N77-O77+P77-Q77 -> 0
B78: =BS!C72 -> 매입채무 | C78: =BS!E72 -> 299203820 | D78: =BS!F72 -> 545684916 | E78: =C78-D78 -> -246481096 | F78: =-E78+H78-J78+K78+L78-M78+N78-O78+P78-Q78 -> 0 | K78: =E78-P78 -> -246481096
B79: =BS!C73 -> 미지급금 | C79: =BS!E73 -> 207639910 | D79: =BS!F73 -> 293009113 | E79: =C79-D79 -> -85369203 | F79: =-E79+H79-J79+K79+L79-M79+N79-O79+P79-Q79 -> 0 | K79: =E79-P79+Q79 -> -22369203 | Q79: 63000000
B80: =BS!C75 -> 미지급비용 | C80: =BS!E75-C76 -> 2543143341 | D80: =BS!F75-D76 -> 740022228 | E80: =C80-D80 -> 1803121113 | F80: =-E80+H80-J80+K80+L80-M80+N80-O80+P80-Q80 -> 0 | K80: =E80-P80 -> 1803121113
B81: 예수금 | C81: =BS!E74 -> 85200680 | D81: =BS!F74 -> 0 | E81: =C81-D81 -> 85200680 | F81: =-E81+H81-J81+K81+L81-M81+N81-O81+P81-Q81 -> 0 | K81: =E81 -> 85200680
B82: =BS!C76 -> 단기차입금 | C82: =BS!E76 -> 1120000000 | D82: =BS!F76 -> 1120000000 | E82: =C82-D82 -> 0 | F82: =-E82+H82-J82+K82+L82-M82+N82-O82+P82-Q82 -> 0
B83: =BS!C77 -> 유동성장기차입금 | C83: =BS!E77 -> 0 | D83: =BS!F77 -> 83300000 | E83: =C83-D83 -> -83300000 | F83: =-E83+H83-J83+K83+L83-M83+N83-O83+P83-Q83 -> 0 | O83: 83300000 | P83: =Q91 -> 0 | Q83: =P91 -> 0 | R83: 유동성대체
B84: =BS!C78 -> 유동성리스부채 | C84: =BS!E78 -> 537067117 | D84: =BS!F78 -> 545986082 | E84: =C84-D84 -> -8918965 | F84: =-E84+H84-J84+K84+L84-M84+N84-O84+P84-Q84 -> 0 | P84: =W66 -> 6354155 | Q84: =W65 -> 15273120
B85: =BS!C79 -> 기타유동부채 | F85: =-E85+H85-J85+K85+L85-M85+N85-O85+P85-Q85 -> 0
B86: =BS!C80 -> 선수금 | C86: =BS!E80 -> 2215528322 | D86: =BS!F80 -> 2443300145 | E86: =C86-D86 -> -227771823 | F86: =-E86+H86-J86+K86+L86-M86+N86-O86+P86-Q86 -> 0 | K86: =E86-P86 -> -227771823 | R86: 팜합병
B87: =BS!C81 -> 환불부채 | C87: =BS!E81 -> 9395003 | D87: =BS!F81 -> 17343122 | E87: =C87-D87 -> -7948119 | F87: =-E87+H87-J87+K87+L87-M87+N87-O87+P87-Q87 -> 0 | G87: 환불부채 | H87: =E87 -> -7948119
B88: =BS!C82 -> 비유동부채 | F88: =-E88+H88-J88+K88+L88-M88+N88-O88+P88-Q88 -> 0
B89: =BS!C83 -> 기타비유동부채 | F89: =-E89+H89-J89+K89+L89-M89+N89-O89+P89-Q89 -> 0
B90: =BS!C84 -> 장기종업원급여부채 | C90: =BS!E84 -> 205709924 | D90: =BS!F84 -> 173088026 | E90: =C90-D90 -> 32621898 | F90: =-E90+H90-J90+K90+L90-M90+N90-O90+P90-Q90 -> 0 | G90: 복리후생비 | H90: 37001898 | K90: -4380000
B91: =BS!C85 -> 장기차입금 | C91: =BS!E85 -> 4100000000 | D91: =BS!F85 -> 4100000000 | E91: =C91-D91 -> 0 | F91: =-E91+H91-J91+K91+L91-M91+N91-O91+P91-Q91 -> 0 | R91: 유동성대체
B92: =BS!C86 -> 리스부채 | C92: =BS!E86 -> 799358124 | D92: =BS!F86 -> 1049272823 | E92: =C92-D92 -> -249914699 | F92: =-E92+H92-J92+K92+L92-M92+N92-O92+P92-Q92 -> 0 | G92: 이자비용 | H92: 27061673 | O92: =275651816-T92 -> 275936850 | P92: =V66 -> 2357959 | Q92: =V65+T92 -> 3397481 | R92: 상환액: 선급리스료 포함 | T92: -285034 | Z92: =O92-K92 -> 275936850
B93: =BS!C87 -> 순확정급여부채 | F93: =-E93+H93-J93+K93+L93-M93+N93-O93+P93-Q93 -> 0 | R93: 보험수리적누계액
B94: =BS!C88 -> 퇴직급여충당부채 | C94: =BS!E88 -> 710376650 | D94: =BS!F88 -> 1587206234 | E94: =C94-D94 -> -876829584 | F94: =-E94+H94-J94+K94+L94-M94+N94-O94+P94-Q94 -> 0 | G94: 퇴직급여 | H94: =94009695+94009695 -> 188019390 | K94: -1064848974
B95: =BS!C89 -> 퇴직연금운용자산 | C95: =BS!E89 -> 0 | D95: =BS!F89 -> 0 | E95: =C95-D95 -> 0 | F95: =-E95+H95-J95+K95+L95-M95+N95-O95+P95-Q95 -> 0
B96: =BS!C90 -> 이연법인세부채 | C96: =BS!E90 -> 0 | D96: =BS!F90 -> 0 | E96: =C96-D96 -> 0 | F96: =-E96+H96-J96+K96+L96-M96+N96-O96+P96-Q96 -> 0
B97: =BS!C91 -> 부채총계 | F97: =-E97+H97-J97+K97+L97-M97+N97-O97+P97-Q97 -> 0 | S97: 21010158
B99: =BS!C92 -> 자본 | C99: =BS!E92 -> 0 | D99: =BS!F92 -> 0 | E99: =C99-D99 -> 0 | F99: =-E99+H99-J99+K99+L99-M99+N99-O99+P99-Q99 -> 0
B100: =BS!C93 -> 자본금 | F100: =-E100+H100-J100+K100+L100-M100+N100-O100+P100-Q100 -> 0
B101: =BS!C94 -> 보통주자본금 | C101: =BS!E94 -> 5691191500 | D101: =BS!F94 -> 5691191500 | E101: =C101-D101 -> 0 | F101: =-E101+H101-J101+K101+L101-M101+N101-O101+P101-Q101 -> 0
B102: =BS!C95 -> 자본잉여금 | F102: =-E102+H102-J102+K102+L102-M102+N102-O102+P102-Q102 -> 0
B103: =BS!C96 -> 주식발행초과금 | C103: =BS!E96 -> 45157382298 | D103: =BS!F96 -> 45157382298 | E103: =C103-D103 -> 0 | F103: =-E103+H103-J103+K103+L103-M103+N103-O103+P103-Q103 -> 0 | Q103: =P105 -> 0
B104: =BS!C97 -> 기타자본항목 | F104: =-E104+H104-J104+K104+L104-M104+N104-O104+P104-Q104 -> 0
B105: =BS!C98 -> 주식매수선택권 | C105: =BS!E98 -> 424627793 | D105: =BS!F98 -> 424627793 | E105: =C105-D105 -> 0 | F105: =-E105+H105-J105+K105+L105-M105+N105-O105+P105-Q105 -> 0 | G105: 주식보상비용 | H105: =PL!E30 -> 0 | R105: 주식선택권차변
...

Sheet 건중대체
C1: =SUM(C3:C180) -> 3105368861 | F1: =SUM(F3:F180) -> 3105368861
A2: 승인일 | B2: 승인번호 | C2: 차변금액 | D2: 차변계정과목 | E2: 대변계정과목 | F2: 대변금액 | G2: 적요 | H2: 거래처코드 | I2: 거래처명 | J2: 작성일
A3: 2026-03-01 | B3: 4 | C3: 424596500 | D3: [2010000]토지 | G3: 향동 공장매매 913호914호 | H3: 14898 | I3: 디앤씨덕은 주식회사 | J3: 2026-03-01 | L3: [2010000]토지 | M3: =SUMIFS($C:$C,$D:$D,L3) -> 557640020 | N3: [2140000]건설중인자산 | O3: =SUMIFS($F:$F,$E:$E,N3) -> 3105368861
A4: 2026-03-01 | B4: 4 | C4: 105085000 | D4: [2010000]토지 | G4: 향동 공장매매 913호914호 | H4: 14897 | I4: (주)엠앤디솔루션 | J4: 2026-03-01 | L4: [2020000]건물 | M4: =SUMIFS($C:$C,$D:$D,L4) -> 1476538478
A5: 2026-03-01 | B5: 4 | C5: 18612025 | D5: [2010000]토지 | G5: 향동 공장매매 913호914호 | H5: 15054 | I5: 백송법무사사무소 | J5: 2026-03-01 | L5: [2210000]시설장치 | M5: =SUMIFS($C:$C,$D:$D,L5) -> 499037904
A6: 2026-03-01 | B6: 4 | C6: 9346495 | D6: [2010000]토지 | G6: 향동 공장매매 913호914호 | H6: 15056 | I6: 에이스공인중개사사무소/일산행정사사무소 | J6: 2026-03-01 | L6: [2060000]기계장치 | M6: =SUMIFS($C:$C,$D:$D,L6) -> 456711494
A7: 2026-03-01 | B7: 4 | C7: 848130500 | D7: [2020000]건물 | G7: 향동 공장매매 913호914호 | H7: 14898 | I7: 디앤씨덕은 주식회사 | J7: 2026-03-01 | L7: [2120000]비품 | M7: =SUMIFS($C:$C,$D:$D,L7) -> 115440965
A8: 2026-03-01 | B8: 4 | C8: 438826000 | D8: [2020000]건물 | G8: 향동 공장매매 913호914호 | H8: 14897 | I8: (주)엠앤디솔루션 | J8: 2026-03-01
A9: 2026-03-01 | B9: 4 | C9: 48250252 | D9: [2020000]건물 | G9: 향동 공장매매 913호914호 | H9: 15054 | I9: 백송법무사사무소 | J9: 2026-03-01 | M9: =SUM(M3:M8) -> 3105368861 | O9: =SUM(O3:O8) -> 3105368861
A10: 2026-03-01 | B10: 4 | C10: 20683190 | D10: [2020000]건물 | G10: 향동 공장매매 913호914호 | H10: 15056 | I10: 에이스공인중개사사무소/일산행정사사무소 | J10: 2026-03-01 | O10: =O9=M9 -> TRUE
A11: 2026-03-01 | B11: 4 | C11: 5500000 | D11: [2210000]시설장치 | G11: 향동 건축물 해체공사 감리 | H11: 15825 | I11: 건축사사무소제이엔에스 | J11: 2026-03-01
A12: 2026-03-01 | B12: 4 | C12: 13000000 | D12: [2060000]기계장치 | G12: GMP 캡핑기 | H12: 15652 | I12: 금강엠씨티 | J12: 2026-03-01
A13: 2026-03-01 | B13: 4 | C13: 4100000 | D13: [2120000]비품 | G13: 실험대 | H13: 15806 | I13: 금광라이프사이언스 | J13: 2026-03-01
A14: 2026-03-01 | B14: 4 | C14: 1654650 | D14: [2120000]비품 | G14: 클린룸 환경 모니터링 배지 | H14: 16499 | I14: 기산바이오(주) | J14: 2026-03-01
A15: 2026-03-01 | B15: 4 | C15: 58000000 | D15: [2060000]기계장치 | G15: 입도분석기 | H15: 07431 | I15: 나노포스 | J15: 2026-03-01
A16: 2026-03-01 | B16: 4 | C16: 5624000 | D16: [2060000]기계장치 | G16: 온습도기 | H16: 16032 | I16: (주)네오툴 | J16: 2026-03-01
A17: 2026-03-01 | B17: 4 | C17: 2996000 | D17: [2120000]비품 | G17: 배양기(인큐베이터) | H17: 05696 | I17: 대한과학 | J17: 2026-03-01
A18: 2026-03-01 | B18: 4 | C18: 522900 | D18: [2120000]비품 | G18: 향온수조 | H18: 05696 | I18: 대한과학 | J18: 2026-03-01
A19: 2026-03-01 | B19: 4 | C19: 4700000 | D19: [2120000]비품 | G19: 인쇄기 | H19: 05696 | I19: 대한과학 | J19: 2026-03-01
A20: 2026-03-01 | B20: 4 | C20: 1170000 | D20: [2120000]비품 | G20: UDI인쇄기 | H20: 05696 | I20: 대한과학 | J20: 2026-03-01
A21: 2026-03-01 | B21: 4 | C21: 4050000 | D21: [2060000]기계장치 | G21: 냉동고 | H21: 16191 | I21: 디엠 프리저 | J21: 2026-03-01
A22: 2026-03-01 | B22: 4 | C22: 22480000 | D22: [2060000]기계장치 | G22: 호모믹서 | H22: 13046 | I22: 주식회사 레보록스 | J22: 2026-03-01
... A62: 2026-03-01 | B62: 4 | C62: 2781000 | D62: [2120000]비품 | G62: 초저온냉동고 온도센서 | H62: 17299 | I62: 주식회사 이엠솔루션 | J62: 2026-03-01
A63: 2026-03-01 | B63: 4 | E63: [2140000]건설중인자산 | F63: 28500000 | G63: 건설중인자산 본계정 전환 | H63: 02425 | I63: 주식회사 태인에프앤씨 | J63: 2026-03-01
A64: 2026-03-01 | B64: 4 | E64: [2140000]건설중인자산 | F64: 25118000 | G64: 건설중인자산 본계정 전환 | H64: 02502 | I64: 찰스리버래보래토리즈코리아 주식회사 | J64: 2026-03-01
A65: 2026-03-01 | B65: 4 | E65: [2140000]건설중인자산 | F65: 3420000 | G65: 건설중인자산 본계정 전환 | H65: 02722 | I65: (주)한국교정기술원 | J65: 2026-03-01
A66: 2026-03-01 | B66: 4 | E66: [2140000]건설중인자산 | F66: 9000000 | G66: 건설중인자산 본계정 전환 | H66: 04073 | I66: (주)바이오시스텍 | J66: 2026-03-01
A67: 2026-03-01 | B67: 4 | E67: [2140000]건설중인자산 | F67: 66500000 | G67: 건설중인자산 본계정 전환 | H67: 04338 | I67: (주)제이원TnM | J67: 2026-03-01
A68: 2026-03-01 | B68: 4 | E68: [2140000]건설중인자산 | F68: 9388900 | G68: 건설중인자산 본계정 전환 | H68: 05696 | I68: 대한과학 | J68: 2026-03-01
A69: 2026-03-01 | B69: 4 | E69: [2140000]건설중인자산 | F69: 6318182 | G69: 건설중인자산 본계정 전환 | H69: 05846 | I69: 네이버파이낸셜 주식회사 | J69: 2026-03-01
A70: 2026-03-01 | B70: 4 | E70: [2140000]건설중인자산 | F70: 1900000 | G70: 건설중인자산 본계정 전환 | H70: 07251 | I70: 한국과학상사 | J70: 2026-03-01
A71: 2026-03-01 | B71: 4 | E71: [2140000]건설중인자산 | F71: 58000000 | G71: 건설중인자산 본계정 전환 | H71: 07431 | I71: 나노포스 | J71: 2026-03-01
A72: 2026-03-01 | B72: 4 | E72: [2140000]건설중인자산 | F72: 75300000 | G72: 건설중인자산 본계정 전환 | H72: 09614 | I72: 바이오사이언스 | J72: 2026-03-01
A73: 2026-03-01 | B73: 4 | E73: [2140000]건설중인자산 | F73: 22480000 | G73: 건설중인자산 본계정 전환 | H73: 13046 | I73: 주식회사 레보록스 | J73: 2026-03-01
A74: 2026-03-01 | B74: 4 | E74: [2140000]건설중인자산 | F74: 17140000 | G74: 건설중인자산 본계정 전환 | H74: 14553 | I74: (주)충북테크 | J74: 2026-03-01
... A106: 2026-03-01 | B106: 4 | E106: [2140000]건설중인자산 | F106: 2781000 | G106: 건설중인자산 본계정 전환 | H106: 17299 | I106: 주식회사 이엠솔루션 | J106: 2026-03-01
A107: 2026-03-01 | B107: 5 | C107: 47918 | D107: [2060000]기계장치 | G107: 1인용 크린벤치 | H107: 15809 | I107: (주)컨비젼 | J107: 2026-03-01
A108: 2026-03-01 | B108: 5 | C108: 346776 | D108: [2060000]기계장치 | G108: 스타휠 캡핑기 | H108: 15652 | I108: 금강엠씨티 | J108: 2026-03-01
A109: 2026-03-01 | B109: 5 | C109: 47288 | D109: [2120000]비품 | G109: 열화상카메라 | H109: 01683 | I109: (주)에스원 동부 | J109: 2026-03-01
A110: 2026-03-01 | B110: 5 | C110: 99399 | D110: [2120000]비품 | G110: 스테인레스 테이블 리프트 | H110: 12810 | I110: (주)나비엠알오 | J110: 2026-03-01
A111: 2026-03-01 | B111: 5 | C111: 40983 | D111: [2120000]비품 | G111: 크린룸 청소기 | H111: 16035 | I111: 금호전자 | J111: 2026-03-01
A112: 2026-03-01 | B112: 5 | C112: 92999 | D112: [2120000]비품 | G112: 경,중량랙 | H112: 15650 | I112: 영진앵글 주식회사 | J112: 2026-03-01
A113: 2026-03-01 | B113: 5 | C113: 68409 | D113: [2120000]비품 | G113: 기자재 소모품 보관함 | H113: 15895 | I113: 유한씨앤씨 | J113: 2026-03-01
A114: 2026-03-01 | B114: 5 | C114: 731383 | D114: [2210000]시설장치 | G114: KGMP, ISO 22723 인증, CGMP(공장 구조 자문) 컨설팅, 시험, 밸리데이션 | H114: 13186 | I114: (주)에스엠지코리아 | J114: 2026-03-01
A115: 2026-03-01 | B115: 5 | C115: 15367 | D115: [2210000]시설장치 | G115: 출입 방화문 대수선 해체/행정처리비 | H115: 15329 | I115: 오프닝 | J115: 2026-03-01
A116: 2026-03-01 | B116: 5 | C116: 12137172 | D116: [2210000]시설장치 | G116: 크린룸 공사, 전기 증설, 이전 설비 훅업 | H116: 15330 | I116: 비씨티에스 | J116: 2026-03-01
A117: 2026-03-01 | B117: 5 | C117: 709315 | D117: [2210000]시설장치 | G117: 초순수시스템, 클린부스 설치공사 추가 | H117: 15330 | I117: 비씨티에스 | J117: 2026-03-01
A118: 2026-03-01 | B118: 5 | C118: 1195198 | D118: [2210000]시설장치 | G118: 복층 공사 | H118: 15329 | I118: 오프닝 | J118: 2026-03-01
... A122: 2026-03-01 | B122: 5 | C122: 920206 | D122: [2020000]건물 | G122: 향동 공장매매 913호914호 | H122: 15056 | I122: 에이스공인중개사사무소/일산행정사사무소 | J122: 2026-03-01
A123: 2026-03-01 | B123: 5 | E123: [2140000]건설중인자산 | F123: 75856475 | G123: 차입원가자본화 건설중인자산 본계정 전환 | H123: 05177 | I123: 공통(계정대체) | J123: 2026-03-01
A124: 2026-03-01 | B124: 6 | C124: 37733779 | D124: [2020000]건물 | G124: 향동 공장매매 913호914호 | H124: 14898 | I124: 디앤씨덕은 주식회사 | J124: 2026-03-01
A125: 2026-03-01 | B125: 6 | C125: 19523603 | D125: [2020000]건물 | G125: 향동 공장매매 913호914호 | H125: 14897 | I125: (주)엠앤디솔루션 | J125: 2026-03-01
A126: 2026-03-01 | B126: 6 | C126: 2146680 | D126: [2020000]건물 | G126: 향동 공장매매 913호914호 | H126: 15054 | I126: 백송법무사사무소 | J126: 2026-03-01
A127: 2026-03-01 | B127: 6 | C127: 920206 | D127: [2020000]건물 | G127: 향동 공장매매 913호914호 | H127: 15056 | I127: 에이스공인중개사사무소/일산행정사사무소 | J127: 2026-03-01
A128: 2026-03-01 | B128: 6 | C128: 173388 | D128: [2210000]시설장치 | G128: 향동 건축물 해체공사 감리 | H128: 15825 | I128: 건축사사무소제이엔에스 | J128: 2026-03-01
A129: 2026-03-01 | B129: 6 | C129: 409827 | D129: [2060000]기계장치 | G129: GMP 캡핑기 | H129: 15652 | I129: 금강엠씨티 | J129: 2026-03-01
A130: 2026-03-01 | B130: 6 | C130: 129253 | D130: [2120000]비품 | G130: 실험대 | H130: 15806 | I130: 금광라이프사이언스 | J130: 2026-03-01
A131: 2026-03-01 | B131: 6 | C131: 52163 | D131: [2120000]비품 | G131: 클린룸 환경 모니터링 배지 | H131: 16499 | I131: 기산바이오(주) | J131: 2026-03-01
A132: 2026-03-01 | B132: 6 | C132: 1828457 | D132: [2060000]기계장치 | G132: 입도분석기 | H132: 07431 | I132: 나노포스 | J132: 2026-03-01
A133: 2026-03-01 | B133: 6 | C133: 177297 | D133: [2060000]기계장치 | G133: 온습도기 | H133: 16032 | I133: (주)네오툴 | J133: 2026-03-01
A134: 2026-03-01 | B134: 6 | C134: 94449 | D134: [2120000]비품 | G134: 배양기(인큐베이터) | H134: 05696 | I134: 대한과학 | J134: 2026-03-01
A135: 2026-03-01 | B135: 6 | C135: 16485 | D135: [2120000]비품 | G135: 향온수조 | H135: 05696 | I135: 대한과학 | J135: 2026-03-01
... A179: 2026-03-01 | B179: 6 | C179: 87671 | D179: [2120000]비품 | G179: 초저온냉동고 온도센서 | H179: 17299 | I179: 주식회사 이엠솔루션 | J179: 2026-03-01
A180: 2026-03-01 | B180: 6 | E180: [2140000]건설중인자산 | F180: 92586937 | G180: 차입원가자본화 건설중인자산 본계정 전환 | H180: 05177 | I180: 공통(계정대체) | J180: 2026-03-01

Sheet 별도_AJE_25
B1: 기준일: | C1: 45291
B4: Ref. | C4: 순번 | D4: Code | E4: 계정과목 | G4: 수정금액 | I4: effect | J4: effect | K4: effect | L4: Discription
E5: 차변 | F5: 대변 | G5: 차변 | H5: 대변 | I5: NI | J5: R/E | K5: 포괄손익
B7: 주식매수선택권
D9: 37700 | E9: 처분전이익잉여금
D10: 34400 | F10: 주식매수선택권
D12: 81000 | E12: 주식보상비 | I12: =-G12 -> 0
D13: 34400 | F13: 주식매수선택권
B17: 연차수당 | D17: 37700 | E17: 처분전이익잉여금
D18: 26200 | F18: 미지급비용
D19: 80200 | E19: 급여 | I19: =-G19 -> 0
D20: 50300 | E20: 당기제품제조원가 | I20: =-G20 -> 0
D21: 26200 | F21: 미지급비용
B29: 기타장기종업원급여 | D29: 81100 | E29: 복리후생비 | I29: =-G29 -> 0
D30: 31600 | F30: 장기종업원급여부채
D31: 37700 | E31: 처분전이익잉여금
B37: 외화선수취대가 환율보정 | D37: 93200 | E37: 외환차손 | I37: =-G37 -> 0
D38: 40400 | E38: 제품매출 | I38: =-G38 -> 0
D39: 90700 | F39: 외환차익 | I39: =H39 -> 0
B45: 리스수정 | D45: 22300 | E45: 사용권자산
D46: 22400 | E46: 사용권자산감가상각누계액
D47: 18810 | E47: 임차보증금_현재가치할인차금
D50: 81800 | E50: 감가상각비(판관) | I50: =-G50 -> 0
D51: 51800 | E51: 감가상각비(제조) | I51: =-G51 -> 0
D52: 82300 | E52: 감가상각비(경상) | I52: =-G52 -> 0
D53: 93100 | E53: 이자비용 | I53: =-G53 -> 0
D54: 90100 | F54: 이자수익 | I54: =H54 -> 0
D55: 28300 | F55: 유동성리스부채
D56: 31500 | F56: 리스부채
D57: 37700 | E57: 처분전이익잉여금
B61: 홍콩자회사 | D61: 40400 | E61: 제품매출 | I61: =-G61 -> 0
D62: 37700 | E62: 처분전이익잉여금
D63: 40400 | E63: 제품매출 | I63: =-G63 -> 0
D64: 40400 | E64: 제품매출 | I64: =-G64 -> 0
D65: 40400 | E65: 제품매출 | I65: =-G65 -> 0
D66: 40400 | E66: 제품매출 | I66: =-G66 -> 0
D67: 10800 | E67: 매출채권
D68: 45500-5 | E68: 당기제품제조원가 | I68: =-G68 -> 0
D69: 25900 | E69: 선수금
D70: 37700 | F70: 처분전이익잉여금
D71: 25900 | F71: 선수금
D72: 55000 | F72: 당기제품제조원가 | I72: =H72 -> 0
D73: 83900 | F73: 판매수수료 | I73: =H73 -> 0
D74: 83900 | F74: 판매수수료 | I74: =H74 -> 0
D75: 83900 | F75: 판매수수료 | I75: =H75 -> 0
D76: 83900 | F76: 판매수수료 | I76: =H76 -> 0
D77: 40400 | F77: 제품매출 | I77: =H77 -> 0
D78: 14700 | F78: 제품
B81: 매출채권손실중당금 수정
D82: 83500 | E82: 대손상각비 | I82: =-G82 -> 0
D83: 10900 | F83: 매출채권대손충당금
B87: 감사 후 수정사항 반영 | D87: 83900 | E87: 판매수수료 | I87: =-G87 -> 0
D88: 10800 | F88: 외상매출금
D90: 83500 | E90: 대손상각비 | I90: =-G90 -> 0
D91: 10900 | F91: 대손충당금(매출채권)
D92: 37700 | E92: 처분전이익잉여금
D94: 83500 | F94: 대손상각비 | I94: =H94 -> 0
D95: 95400 | E95: 기타의대손상각비 | I95: =-G95 -> 0
G100: =SUM(G6:G99) -> 0 | H100: =SUM(H6:H99) -> 0 | I100: =SUM(I6:I99) -> 0 | J100: =SUM(J6:J99) -> 0 | K100: =SUM(K6:K99) -> 0
H101: =H100=G100 -> TRUE
K102: =SUM(I100:K100) -> 0
I103: =H103-G103 -> 0
I105: 처분전이익잉여금 | J105: =SUMIFS(G6:G100,$E$6:$E$100,I105) -> 0 | K105: =SUMIFS(H6:H100,$F$6:$F$100,I105) -> 0
J106: =K105-J105 -> 0
J109: =SUMIFS(별도_AJE_25!G:G,별도_AJE_25!E:E,정산표!#REF!) -> 0

Sheet FN>

Sheet 1
B2: 1. 일반사항
D4: 주식회사 울트라브이(이하 "회사" )은 화장품, 의약품, 의료기기 등을 제조 및 판매를
D5: 주목적 사업으로 하여 2012년 1월 25일 설립되었습니다. 회사의 당기말 현재 자본금은 | E5: 5691 | F5: 백만원으로 | G5: 당기말 현재 발행된 주식수는 보통주 | J5: =6285888+74495+5022000 -> 11382383 | K5: 주인 바, 주요 주주의 현황은 다음과 같습니다.
D6: 당기말 현재 발행된 주식수는 보통주 | E6: =ROUND(BS!E94/10^6,)=E5 -> TRUE
D9: 주주명 | E9: 당기말 | G9: 관계
E10: 소유주식수(주) | F10: 지분율
D11: ㈜리브사이언스 | E11: 8197453 | F11: =E11/E$14 -> 0.72018777 | G11: 최대주주
D12: 함정율 외 2인 | E12: 600 | F12: =E12/E$14 -> 5.2713039e-05 | G12: 임직원
D13: 기타 | E13: 3184330 | F13: =E13/E$14 -> 0.27975952
D14: 계 | E14: =SUM(E11:E13) -> 11382383 | F14: =E14/E$14 -> 1
E15: =SUM(E11:E13)=J5 -> TRUE
E17: =E14-J5 -> 0

Sheet 2
B2: 2. 중요한 회계정책
D4: 생략 - DSD 직접 반영

Sheet 3
B2: 3. 중요한 회계추정 및 가정
D4: 생략 - DSD 직접 반영

Sheet 4
B2: 4. 재무위험관리
C4: 4.1.1 시장위험
D6: 4-1-1. 시장위험
N7: ='4'!H48+'4'!I48 -> 501992658
D8: (1) 외환위험
I9: (단위 : 원)
D10: 구분 | E10: 통화 | F10: 당반기말 | H10: 전기말 | K10: 통화 | L10: 기말환율
F11: 외화 | G11: 원화환산액 | H11: 외화 | I11: 원화환산액 | K11: EUR | L11: 1685.72
D12: 현금및현금성자산 | E12: USD | F12: 132799.92 | G12: =ROUND(VLOOKUP($E12,$K$11:$L$17,2,0)*F12,) -> 190554605 | H12: 1792.22 | I12: 2634563 | J12: =G12/F12 -> 1434.9 | K12: USD | L12: 1434.9
E13: EUR | F13: 0 | G13: =ROUND(VLOOKUP($E13,$K$11:$L$17,2,0)*F13,) -> 0 | H13: 0.02 | I13: 31 | K13: GBP | L13: 1932.31
E14: JPY | F14: 0 | G14: =ROUND(VLOOKUP($E14,$K$11:$L$17,2,0)*F14,) -> 0 | H14: 21000 | I14: 196661 | K14: CNY | L14: 204.7598
E15: CNY | F15: 3026.03 | G15: =ROUND(VLOOKUP($E15,$K$11:$L$17,2,0)*F15,) -> 619609 | H15: 41420.13 | I15: 8336630 | J15: =G15/F15 -> 204.7597 | K15: HKD | L15: 184.41
D16: 단기금융상품 | E16: USD | G16: =ROUND(VLOOKUP($E16,$K$11:$L$17,2,0)*F16,) -> 0 | H16: 0 | I16: 0 | K16: JPY | L16: 9.1763
D17: 매출채권 | E17: USD | F17: 1075327 | G17: =ROUND(VLOOKUP($E17,$K$11:$L$17,2,0)*F17,) -> 1542986698 | H17: 646615.28 | I17: 950524462 | J17: =G17/F17 -> 1434.9 | K17: SGD | L17: 1117.52
E18: JPY | F18: 0 | G18: =ROUND(VLOOKUP($E18,$K$11:$L$17,2,0)*F18,) -> 0 | J18: =G18/F18 -> #DIV/0!
D19: 합계 | E19: USD | F19: =F12+F16+F17 -> 1208126.9 | G19: =G12+G16+G17 -> 1733541303 | H19: 648407.5 | I19: 953159025 | J19: =G19/F19 -> 1434.9
E20: EUR | F20: =F13 -> 0 | G20: =G13 -> 0 | H20: 0.02 | I20: 31
E21: JPY | F21: =F14+F18 -> 0 | G21: =G14+G18 -> 0 | H21: 21000 | I21: 196661 | J21: =G21/F21 -> #DIV/0!
E22: CNY | F22: =F15 -> 3026.03 | G22: =G15 -> 619609 | H22: 41420.13 | I22: 8336630 | J22: =G22/F22 -> 204.7597
D24: 외화에 대한 원화의 환율 10% 변동시
G25: (단위 : 원)
D26: 구분 | E26: 통화 | F26: 세전 이익에 대한 영향
F27: =F10 -> 당반기말 | G27: 전기말
D28: USD | E28: 상승시 | F28: =G19*10% -> 1.7335413e+08 | G28: =I19*10% -> 95315902
E29: 하락시 | F29: =-F28 -> -1.7335413e+08 | G29: =-G28 -> -95315902
D30: EUR | E30: 상승시 | F30: =G20*10% -> 0 | G30: =I20*10% -> 3.1
E31: 하락시 | F31: =-F30 -> 0 | G31: =-G30 -> -3.1
D32: JYP | E32: 상승시 | F32: =G21*10% -> 0 | G32: =I21*10% -> 19666.1
E33: 하락시 | F33: =-F32 -> 0 | G33: =-G32 -> -19666.1
D34: CNY | E34: 상승시 | F34: =G22*10% -> 61960.9 | G34: =I22*10% -> 833663
E35: 하락시 | F35: =-F34 -> -61960.9 | G35: =-G34 -> -833663
D38: 4.1.3 유동성 위험
D40: 회사는 미사용 차입금 한도를 적정 수준으로 유지하고, 영업 자금 수요를 충족시키기위해 차입금 한도나 약정을 위반하는 일이 없도록 유동성에 대한 예측을 항시 모니터링하고있습니다. 유동성을 예측하는데 있어 회사의 자금조달 계획, 약정 준수, 회사 내부의 목표재무비율 및 통화에 대한 제한과 같은 외부 법규나 법률 요구사항도 고려하고 있습니다.
D42: 회사의 유동성 위험 분석 내역은 다음과 같습니다.
J43: (단위 : 원)
D44: 당반기말 | E44: 장부금액 | F44: 1년이내 | G44: 2년이내 | H44: 3년이내 | I44: 3년초과 | J44: 합계
D45: 매입채무및기타지급채무 | E45: =Dart_BS!C23 -> 3144825470 | F45: =BS!E71 -> 3144825470 | G45: 0 | H45: 0 | I45: 0 | J45: =SUM(F45:I45) -> 3144825470 | L45: =J45=Dart_BS!C23 -> TRUE | N45: =J45>=E45 -> TRUE
D46: 단기차입금 | E46: =BS!E76 -> 1120000000 | F46: =BS!E76+J54+J55 -> 1141172612 | G46: 0 | H46: 0 | I46: 0 | J46: =SUM(F46:I46) -> 1141172612 | K46: =BS!E76 -> 1120000000 | L46: =SUM(K46:K48,N54:N59)=SUM(J46:J48) -> TRUE | N46: =J46>=E46 -> TRUE
D47: 유동성장기차입금 | E47: =BS!E77 -> 0 | F47: =정산표!E81+J56 -> 0 | G47: 0 | H47: 0 | I47: 0 | J47: =SUM(F47:I47) -> 0 | K47: =BS!E77 -> 0 | N47: =J47>=E47 -> TRUE
D48: 장기차입금 | E48: =BS!E85 -> 4100000000 | F48: =SUM(J57:J59) -> 146515315 | G48: ='19'!H12+'19'!H13++SUM(K57:K59) -> 3637400383 | H48: ='19'!H14+SUM(L57:L59) -> 501992658 | I48: 0 | J48: =SUM(F48:I48) -> 4285908356 | K48: =BS!E85 -> 4100000000 | N48: =J48>=E48 -> TRUE
D49: 리스부채 | E49: =SUM(L49:L50) -> 1336425241 | F49: ='20'!N78 -> 547702980 | G49: ='20'!O78 -> 321640312 | H49: ='20'!P78 -> 181869459 | I49: ='20'!Q78 -> 379982000 | J49: =SUM(F49:I49) -> 1431194751 | K49: =SUM(F49:I49)-BS!E86-BS!E78 -> 94769510 | L49: =BS!E78 -> 537067117 | M49: 유동성리스부채 | N49: =J49>=E49 -> TRUE
D50: 합계 | E50: =SUM(E45:E49) -> 9701250711 | F50: =SUM(F45:F49) -> 4980216377 | G50: =SUM(G45:G49) -> 3959040695 | H50: =SUM(H45:H49) -> 683862117 | I50: =SUM(I45:I49) -> 379982000 | J50: =SUM(F50:I50) -> 10003101189 | L50: =BS!E86 -> 799358124 | M50: 리스부채 | N50: =J50>=E50 -> TRUE
D52: <이자산정> | I52: 46203 | J52: =EOMONTH(I52,12) -> 46568 | K52: =EOMONTH(J52,12) -> 46934 | L52: =EOMONTH(K52,12) -> 47299
D53: 구분 | E53: 대출처 | F53: 대출잔액 | G53: 약정이율 | H53: 만기일자 | I53: 월이자금액 | J53: 1년이내 | K53: 2년이내 | L53: 3년이내 | M53: 3년초과 | N53: 합계
D54: ='19'!D7 -> 단기차입금 | E54: ='19'!E7 -> 기업은행 | F54: ='19'!H7 -> 400000000 | G54: ='19'!F7 -> 0.03916 | H54: ='19'!G7 -> 46288 | I54: =F54*G54/12 -> 1305333.3 | J54: =ROUND(F54*G54*(H54-I$52+1)/365,) -> 3690696 | N54: =SUM(J54:M54) -> 3690696 | O54: =DATEDIF($I$52,H54,"m") -> 2
D55: ='19'!D8 -> 단기차입금 | E55: ='19'!E8 -> 기업은행 | F55: ='19'!H8 -> 720000000 | G55: ='19'!F8 -> 0.03887 | H55: ='19'!G8 -> 46430 | I55: =F55*G55/12 -> 2332200 | J55: =ROUND(F55*G55*(H55-I$52+1)/365,) -> 17481916 | N55: =SUM(J55:M55) -> 17481916 | O55: =DATEDIF($I$52,H55,"m") -> 7
D56: ='19'!D10 -> 유동성장기차입금 | E56: ='19'!E10 -> 중소벤처기업진흥공단 | F56: ='19'!H10 -> 0 | G56: ='19'!F10 -> 0.0367 | H56: ='19'!G10 -> 46322 | I56: =F56*G56/12 -> 0 | J56: =ROUND(F56*G56*(H56-I$52+1)/365,) -> 0 | K56: 0 | L56: 0 | N56: =SUM(J56:M56) -> 0 | O56: =DATEDIF($I$52,H56,"m") -> 3
D57: ='19'!D12 -> 장기차입금 | E57: ='19'!E12 -> 기업은행 | F57: ='19'!H12 -> 700000000 | G57: ='19'!F12 -> 0.04095 | H57: ='19'!G12 -> 46645 | I57: =F57*G57/12 -> 2388750 | J57: =ROUND(F57*G57*(J$52-I$52+1)/365,) -> 28743534 | K57: =ROUND(F57*G57*(H$57-J$52+1)/365,) -> 6125671 | L57: 0 | N57: =SUM(J57:M57) -> 34869205 | O57: =DATEDIF($I$52,H57,"m") -> 14
D58: ='19'!D13 -> 장기차입금 | E58: ='19'!E13 -> 기업은행 | F58: ='19'!H13 -> 2900000000 | G58: ='19'!F13 -> 0.0348 | H58: ='19'!G13 -> 46620 | I58: =F58*G58/12 -> 8410000 | J58: =ROUND(F58*G58*(J$52-I$52+1)/365,) -> 101196493 | K58: =ROUND(F58*G58*(H$58-J$52+1)/365,) -> 14654137 | L58: 0 | N58: =SUM(J58:M58) -> 115850630 | O58: =DATEDIF($I$52,H58,"m") -> 13
D59: ='19'!D14 -> 장기차입금 | E59: ='19'!E14 -> 기업은행 | F59: ='19'!H14 -> 500000000 | G59: ='19'!F14 -> 0.03306 | H59: ='19'!G14 -> 46977 | I59: =F59*G59/12 -> 1377500 | J59: =ROUND(F59*G59*(J$52-I$52+1)/365,) -> 16575288 | K59: =ROUND(F59*G59*(K$52-J$52+1)/365,) -> 16620575 | L59: =ROUND(F59*G59*(H$59-K$52+1)/365,) -> 1992658 | N59: =SUM(J59:M59) -> 35188521 | O59: =DATEDIF($I$52,H59,"m") -> 25
J61: (단위 : 원)
D62: 전기말 | E62: 장부금액 | F62: 1년이내 | G62: 2년이내 | H62: 3년이내 | I62: 3년초과 | J62: 합계
D63: 매입채무및기타지급채무 | E63: =Dart_BS!D23 -> 1584755867 | F63: 1584755867 | G63: 0 | H63: 0 | I63: 0 | J63: =SUM(F63:I63) -> 1584755867 | L63: =Dart_BS!D23=J63 -> TRUE | N63: =J63>=E63 -> TRUE
D64: 단기차입금 | E64: =Dart_BS!D24 -> 1120000000 | F64: 1134566105 | G64: 0 | H64: 0 | I64: 0 | J64: =SUM(F64:I64) -> 1134566105 | L64: =Dart_BS!D24 -> 1120000000 | N64: =J64>=E64 -> TRUE
D65: 유동성장기차입금 | E65: =Dart_BS!D25 -> 83300000 | F65: 84665224 | G65: 0 | H65: 0 | I65: 0 | J65: =SUM(F65:I65) -> 84665224 | L65: =Dart_BS!D25 -> 83300000 | N65: =J65>=E65 -> TRUE
D66: 장기차입금 | E66: =Dart_BS!D29 -> 4100000000 | F66: 144823010 | G66: 3700178511 | H66: 510116721 | I66: 0 | J66: =SUM(F66:I66) -> 4355118242 | L66: =Dart_BS!D29 -> 4100000000 | N66: =J66>=E66 -> TRUE
D67: 리스부채 | E67: =Dart_BS!D26+Dart_BS!D30 -> 1595258905 | F67: 556978980 | G67: 501977980 | H67: 194143644 | I67: 464779637 | J67: =SUM(F67:I67) -> 1717880241 | N67: =J67>=E67 -> TRUE
D68: 합계 | E68: =SUM(E63:E67) -> 8483314772 | F68: =SUM(F63:F67) -> 3505789186 | G68: =SUM(G63:G67) -> 4202156491 | H68: =SUM(H63:H67) -> 704260365 | I68: =SUM(I63:I67) -> 464779637 | J68: =SUM(F68:I68) -> 8876985679
D73: 4.2. 자본위험관리
D75: 회사의 자본 관리 목적은 계속기업으로서 주주 및 이해당사자들에게 이익을 지속적으로 제공할 수 있는 능력을 보호하고 자본 비용을 절감하기 위해 최적의 자본 구조를 유지하는 것입니다.
D77: 회사는 부채총계를 자본총계로 나누어 산출되는 부채비율을 기준으로 하여 자본을 관리하고 있으며, 매월 부채비율을 모니터링하고 필요한 경우 적절한 재무구조 개선 방안을 수립하여 실행하고 있습니다.
D78: (단위 : 원)
D79: 구분 | E79: =D44 -> 당반기말 | F79: 전기말
D80: 부채 총계(A) | E80: =BS!E91 -> 12842260610 | F80: =BS!F91 -> 12704252299
D81: 자본 총계(B) | E81: =BS!E101 -> 41700785295 | F81: =BS!F101 -> 42489635105
D82: 부채 비율(A/B) | E82: =E80/E81 -> 0.30796208 | F82: =F80/F81 -> 0.2989965
D85: 이자율위험
D88: 구분 | E88: =E79 -> 당반기말 | F88: =F79 -> 전기말
D89: 이자부담 금융부채(변동금리 부담) | E89: =SUMIFS('19'!H:H,'19'!L:L,"변동") -> 700000000 | F89: =SUMIFS('19'!I:I,'19'!M:M,"변동") -> 783300000
D92: 세전손익에 미치는 영향
D93: 구분 | E93: 당분기 | G93: 전기
E94: 1% 상승 | F94: 1% 하락 | G94: 1% 상승 | H94: 1% 하락
D95: 이자비용 | E95: =-ROUND(E89*1%,) -> -7000000 | F95: =-E95 -> 7000000 | G95: =-ROUND(F89*1%,) -> -7833000 | H95: =-G95 -> 7833000

Sheet 5
B2: 5. 금융상품 공정가치
D4: (1) 금융상품 종류별 공정가치
D6: 금융상품의 종류별 장부금액 및 공정가치는 다음과 같습니다.
D7: (단위 : 원)
D8: 구분 | E8: ='4'!E79 -> 당반기말 | G8: 전기말
E9: 장부금액 | F9: 공정가치 | G9: 장부금액 | H9: 공정가치
D10: 금융자산
D11: 현금및현금성자산 | E11: =VLOOKUP($D11,BS!$C$4:$F$102,3,0) -> 10968165061 | F11: =E11 -> 10968165061 | G11: =VLOOKUP($D11,BS!$C$4:$F$102,4,0) -> 19169211185 | H11: =G11 -> 19169211185 | I11: =E11=Dart_BS!C6 -> TRUE | J11: =G11=Dart_BS!D6 -> TRUE
D12: 매출채권및기타채권 | E12: =VLOOKUP($D12,BS!$C$4:$F$102,3,0) -> 1667306010 | F12: =E12 -> 1667306010 | G12: =VLOOKUP($D12,BS!$C$4:$F$102,4,0) -> 2048442985 | H12: =G12 -> 2048442985 | I12: =E12=Dart_BS!C8 -> TRUE | J12: =Dart_BS!D8='5'!G12 -> TRUE
D13: 단기금융상품 | E13: =VLOOKUP($D13,BS!$C$4:$F$102,3,0) -> 0 | F13: =E13 -> 0 | G13: =VLOOKUP($D13,BS!$C$4:$F$102,4,0) -> 0 | H13: =G13 -> 0 | I13: =E13=Dart_BS!C7 -> TRUE | J13: =G13=Dart_BS!D7 -> TRUE
D14: 기타유동금융자산 | E14: =VLOOKUP($D14,BS!$C$4:$F$102,3,0) -> 0 | F14: =E14 -> 0 | G14: =VLOOKUP($D14,BS!$C$4:$F$102,4,0) -> 1250001 | H14: =G14 -> 1250001 | I14: =E14=Dart_BS!C11 -> TRUE | J14: =G14=Dart_BS!D11 -> TRUE
D15: 기타비유동금융자산 | E15: =VLOOKUP($D15,BS!$C$4:$F$102,3,0) -> 386082376 | F15: =E15 -> 386082376 | G15: =VLOOKUP($D15,BS!$C$4:$F$102,4,0) -> 388220275 | H15: =G15 -> 388220275 | I15: =E15=Dart_BS!C14 -> TRUE | J15: =G15=Dart_BS!D14 -> TRUE
D16: 당기손익-공정가치금융자산 | E16: =VLOOKUP($D16,BS!$C$4:$F$102,3,0) -> 172664940 | F16: =E16 -> 172664940 | G16: =VLOOKUP($D16,BS!$C$4:$F$102,4,0) -> 172664940 | H16: =G16 -> 172664940 | I16: =E16=Dart_BS!C15 -> TRUE | J16: =G16=Dart_BS!D15 -> TRUE
D17: 합 계 | E17: =SUM(E11:E16) -> 13194218387 | F17: =SUM(F11:F16) -> 13194218387 | G17: =SUM(G11:G16) -> 21779789386 | H17: =SUM(H11:H16) -> 21779789386
D18: 금융부채
D19: 매입채무및기타채무 | E19: =VLOOKUP($D19,BS!$C$4:$F$102,3,0) -> 3144825470 | F19: =E19 -> 3144825470 | G19: =VLOOKUP($D19,BS!$C$4:$F$102,4,0) -> 1584755867 | H19: =G19 -> 1584755867 | I19: =E19=Dart_BS!C23 -> TRUE | J19: =G19=Dart_BS!D23 -> TRUE
D20: 단기차입금 | E20: =VLOOKUP($D20,BS!$C$4:$F$102,3,0) -> 1120000000 | F20: =E20 -> 1120000000 | G20: =VLOOKUP($D20,BS!$C$4:$F$102,4,0) -> 1120000000 | H20: =G20 -> 1120000000 | I20: =E20=Dart_BS!C24 -> TRUE | J20: =G20=Dart_BS!D24 -> TRUE
D21: 리스부채(유동성리스부채 포함) | E21: =SUM(E26:E27) -> 1336425241 | F21: =E21 -> 1336425241 | G21: =SUM(G26:G27) -> 1595258905 | H21: =G21 -> 1595258905 | I21: =Dart_BS!C26+Dart_BS!C30=E21 -> TRUE | J21: =Dart_BS!D26+Dart_BS!D30=G21 -> TRUE
D22: 장기차입금(유동성장기차입금 포함) | E22: =SUM(E28:E29) -> 4100000000 | F22: =E22 -> 4100000000 | G22: =SUM(G28:G29) -> 4183300000 | H22: =G22 -> 4183300000 | I22: =Dart_BS!C25+Dart_BS!C29=E22 -> TRUE | J22: =Dart_BS!D25+Dart_BS!D29=G22 -> TRUE
D23: 합 계 | E23: =SUM(E19:E22) -> 9701250711 | F23: =SUM(F19:F22) -> 9701250711 | G23: =SUM(G19:G22) -> 8483314772 | H23: =SUM(H19:H22) -> 8483314772
D26: 유동성리스부채 | E26: =VLOOKUP($D26,BS!$C$4:$F$102,3,0) -> 537067117 | G26: =VLOOKUP($D26,BS!$C$4:$F$102,4,0) -> 545986082
D27: 리스부채 | E27: =VLOOKUP($D27,BS!$C$4:$F$102,3,0) -> 799358124 | G27: =VLOOKUP($D27,BS!$C$4:$F$102,4,0) -> 1049272823
D28: 유동성장기차입금 | E28: =VLOOKUP($D28,BS!$C$4:$F$102,3,0) -> 0 | G28: =VLOOKUP($D28,BS!$C$4:$F$102,4,0) -> 83300000
D29: 장기차입금 | E29: =VLOOKUP($D29,BS!$C$4:$F$102,3,0) -> 4100000000 | G29: =VLOOKUP($D29,BS!$C$4:$F$102,4,0) -> 4100000000
D32: 구 분 | E32: 수준 1 | F32: 수준 2 | G32: 수준 3 | H32: 합 계
D33: =E8 -> 당반기말
D34: 당기손익-공정가치측정금융자산 | E34: - | F34: 0 | G34: =F16 -> 172664940 | H34: =SUM(E34:G34) -> 172664940

Sheet 6
B2: 6. 범주별 금융상품
D4: (1) 금융상품 범주별 장부금액
D6: 재무상태표 상 자산 | E6: ='5'!E8 -> 당반기말 | F6: 전기말
D7: 상각후원가 측정 금융자산:
D8: 현금및현금성자산 | E8: ='5'!E11 -> 10968165061 | F8: ='5'!G11 -> 19169211185 | G8: =BS!E4=E8 -> TRUE | H8: =BS!F4=F8 -> TRUE
D9: 매출채권및기타채권 | E9: ='5'!E12 -> 1667306010 | F9: ='5'!G12 -> 2048442985 | G9: =BS!E7=E9 -> TRUE | H9: =BS!F7=F9 -> TRUE
D10: 단기금융상품 | E10: ='5'!E13 -> 0 | F10: ='5'!G13 -> 0 | G10: =BS!E6=E10 -> TRUE | H10: =BS!F6=F10 -> TRUE
D11: 기타유동금융자산 | E11: ='5'!E14 -> 0 | F11: ='5'!G14 -> 1250001 | G11: =E11=BS!E30 -> TRUE | H11: =F11=BS!F30 -> TRUE
D12: 기타비유동금융자산 | E12: ='5'!E15 -> 386082376 | F12: ='5'!G15 -> 388220275 | G12: =BS!E35=E12 -> TRUE | H12: =BS!F35=F12 -> TRUE
D13: 소계 | E13: =SUM(E8:E12) -> 13021553447 | F13: =SUM(F8:F12) -> 21607124446
D14: 당기손익-공정가치 측정금융자산: | E14: ='5'!F16 -> 172664940 | F14: ='5'!G16 -> 172664940
D15: 합 계 | E15: =SUM(E13:E14) -> 13194218387 | F15: =SUM(F13:F14) -> 21779789386
E16: =E15='5'!E17 -> TRUE | F16: =F15='5'!G17 -> TRUE
D18: 재무상태표 상 부채 | E18: =E6 -> 당반기말 | F18: =F6 -> 전기말
D19: 상각후원가 측정 금융부채:
D20: 매입채무및기타채무 | E20: ='5'!E19 -> 3144825470 | F20: ='5'!G19 -> 1584755867 | G20: =E20=BS!E71 -> TRUE | H20: =F20=BS!F71 -> TRUE
D21: 단기차입금 | E21: ='5'!E20 -> 1120000000 | F21: ='5'!G20 -> 1120000000 | G21: =E21=BS!E76 -> TRUE | H21: =F21=BS!F76 -> TRUE
D22: 장기차입금(유동성장기차입금 포함) | E22: ='5'!E22 -> 4100000000 | F22: ='5'!G22 -> 4183300000 | G22: =SUM(BS!E77,BS!E85)=E22 -> TRUE | H22: =SUM(BS!F77,BS!F85)=F22 -> TRUE
D23: 기타부채:
D24: 리스부채(유동성리스부채 포함) | E24: ='5'!E21 -> 1336425241 | F24: ='5'!G21 -> 1595258905 | G24: =SUM(BS!E86,BS!E78)=E24 -> TRUE | H24: =SUM(BS!F86,BS!F78)=F24 -> TRUE
D25: 합 계 | E25: =SUM(E20:E24) -> 9701250711 | F25: =SUM(F20:F24) -> 8483314772
E26: =E25='5'!E23 -> TRUE | F26: =F25='5'!G23 -> TRUE
D28: (2) 금융상품 범주별 순손익
K29: (단위: 원)
D30: 구분 | E30: =PL!$H$1 -> 당반기 | I30: =PL!$I$1 -> 전반기
E31: 상각후원가 측정 | F31: 공정가치 측정 | G31: 상각후원가 측정 | H31: 기타부채 | I31: 상각후원가 측정 | J31: 상각후원가 측정 | K31: 기타부채
E32: 금융자산 | F32: 금융자산 | G32: 금융부채 | I32: 금융자산 | J32: 금융부채
D33: 이자수익 | E33: =PL!E76 -> 22098561 | F33: 0 | G33: 0 | H33: 0 | I33: =PL!F76 -> 28008260 | J33: 0 | K33: 0 | L33: =PL!E76=SUM(E33:H33) -> TRUE | M33: =PL!F76=SUM(I33:K33) -> TRUE
D34: 외환차익 | E34: =PL!E77 -> 109841433 | F34: 0 | G34: 0 | H34: 0 | I34: =PL!F77 -> 20481765 | J34: 0 | K34: 0 | L34: =PL!E77=SUM(E34:H34) -> TRUE | M34: =PL!F77=SUM(I34:K34) -> TRUE
D35: 외화환산이익 | E35: =PL!E78 -> 37603839 | F35: 0 | G35: 0 | H35: 0 | I35: =PL!F78 -> 3042 | J35: 0 | K35: 0 | L35: =PL!E78=SUM(E35:H35) -> TRUE | M35: =PL!F78=SUM(I35:K35) -> TRUE
D36: 합 계 | E36: =SUM(E33:E35) -> 169543833 | F36: =SUM(F33:F35) -> 0 | G36: =SUM(G33:G35) -> 0 | H36: =SUM(H33:H35) -> 0 | I36: =SUM(I33:I35) -> 48493067 | J36: =SUM(J33:J35) -> 0 | K36: =SUM(K33:K35) -> 0 | L36: =SUM(E36:H36)=Dart_PL!D12 -> TRUE | M36: =SUM(I36:K36)=Dart_PL!F12 -> TRUE
D37: 이자비용 | E37: - | F37: 0 | G37: =PL!E80-H37 -> 71893278 | H37: ='20'!E52 -> 27061673 | I37: - | J37: =PL!F80-K37 -> 43244353 | K37: ='20'!F52 -> 0 | L37: =PL!E80=SUM(E37:H37) -> TRUE | M37: =PL!F80=SUM(I37:K37) -> TRUE
D38: 당기손익-공정가치측정금융자산평가손실 | E38: 0 | F38: =PL!E81 -> 0 | G38: 0 | H38: 0
D39: 외환차손 | E39: =PL!E82 -> 172194962 | F39: 0 | G39: - | H39: - | I39: =PL!F82 -> 40925617 | J39: - | K39: - | L39: =PL!E82=SUM(E39:H39) -> TRUE | M39: =PL!F82=SUM(I39:K39) -> TRUE
D40: 외화환산손실 | E40: =PL!E83 -> 0 | F40: 0 | G40: - | H40: - | I40: =PL!F83 -> 57204705 | J40: - | K40: - | L40: =PL!E83=SUM(E40:H40) -> TRUE | M40: =PL!F83=SUM(I40:K40) -> TRUE
D41: 합 계 | E41: =SUM(E37:E40) -> 172194962 | F41: =SUM(F37:F40) -> 0 | G41: =SUM(G37:G40) -> 71893278 | H41: =SUM(H37:H40) -> 27061673 | I41: =SUM(I37:I40) -> 98130322 | J41: =SUM(J37:J40) -> 43244353 | K41: =SUM(K37:K40) -> 0 | L41: =SUM(E41:H41)=Dart_PL!D13 -> TRUE | M41: =SUM(I41:K41)=Dart_PL!F13 -> TRUE
H42: /리스이자비용 | K42: /리스이자비용

Sheet 7
B2: 7. 현금및현금성자산
D4: 보고기간 종료일 현재 현금및현금성자산의 구성 내역은 다음과 같습니다.
F5: (단위: 원)
D6: 구분 | E6: ='6'!E6 -> 당반기말 | F6: ='6'!F6 -> 전기말
D7: 은행예금 및 보유현금 | E7: =BS!E5 -> 10968165061 | F7: =BS!F5 -> 19169211185
E8: ='5'!E11=E7 -> TRUE | F8: ='5'!G11=F7 -> TRUE
E9: =E7=Dart_BS!C6 -> TRUE | F9: =F7=Dart_BS!D6 -> TRUE

Sheet 8
B2: 8. 매출채권및기타채권
D5: (1) 매출채권및기타채권의 내역은 다음과 같습니다.
D6: (단위 : 원)
D7: 구분 | E7: ='7'!E6 -> 당반기말 | H7: 전기말
E8: 채권액 | F8: 대손충당금 | G8: 장부금액 | H8: 채권액 | I8: 대손충당금 | J8: 장부금액
D9: 매출채권 | E9: =BS!E8 -> 1535770100 | F9: =BS!E9 -> -105342662 | G9: =SUM(E9:F9) -> 1430427438 | H9: =BS!F8 -> 1998788804 | I9: =BS!F9 -> -188230079 | J9: =SUM(H9:I9) -> 1810558725
D10: 미수금 | E10: =BS!E12 -> 261017572 | F10: =BS!E13 -> -24139000 | G10: =SUM(E10:F10) -> 236878572 | H10: =BS!F12 -> 265023260 | I10: =BS!F13 -> -27139000 | J10: =SUM(H10:I10) -> 237884260
D11: 미수수익 | E11: =BS!E10 -> 0 | F11: =BS!E11 -> 0 | G11: =SUM(E11:F11) -> 0 | H11: =BS!F10 -> 0 | I11: =BS!F11 -> 0 | J11: =SUM(H11:I11) -> 0
D12: 합계 | E12: =SUM(E9:E11) -> 1796787672 | F12: =SUM(F9:F11) -> -129481662 | G12: =SUM(G9:G11) -> 1667306010 | H12: =SUM(H9:H11) -> 2263812064 | I12: =SUM(I9:I11) -> -215369079 | J12: =SUM(J9:J11) -> 2048442985
G13: =G12='5'!E12 -> TRUE | J13: =J12='5'!H12 -> TRUE
D14: (2) 매출채권의 연령 분석
D16: ='6'!E30 -> 당반기 | J16: (단위: 원)
D17: 구분 | E17: 정상 | F17: 3개월 초과 연체 | G17: 6개월 초과 연체 | H17: 9개월 초과 연체 | I17: 손상 | J17: 합계 | L17: Ref. 26_2Q_매출대손v1
D18: 당반기말
D19: 전이율채권 | E19: 917743859 | F19: 435826138 | G19: 71329493 | H19: 3961300 | I19: 25925500 | J19: =SUM(E19:I19) -> 1454786290
D20: 그외채권 | E20: 73429910 | F20: 7069900 | G20: 484000 | H20: 0 | I20: 0
D21: 총 장부금액-매출채권 | E21: =SUM(E19:E20) -> 991173769 | F21: =SUM(F19:F20) -> 442896038 | G21: =SUM(G19:G20) -> 71813493 | H21: =SUM(H19:H20) -> 3961300 | I21: =SUM(I19:I20) -> 25925500 | J21: =SUM(E21:I21) -> 1535770100 | K21: =J21=BS!E8 -> TRUE | L21: =E9=J21 -> TRUE
D22: 기대 손실률 | E22: =E25/E21 -> 0.019738443 | F22: =F25/F21 -> 0.084990636 | G22: =G25/G21 -> 0.27296725 | H22: =H25/H21 -> 0.65841693 | I22: =I25/I21 -> 1
D23: 전이율충당금 | E23: 19564227 | F23: 37642016 | G23: 19602732 | H23: 2608186.8 | I23: 25925500 | J23: =SUM(E23:I23) -> 1.0534266e+08
D24: 그외충당금 | I24: =I20 -> 0
D25: 손실충당금 | E25: =ROUND(E23,) -> 19564227 | F25: =ROUND(F23,) -> 37642016 | G25: =ROUND(G23,) -> 19602732 | H25: =ROUND(H23,) -> 2608187 | I25: =ROUND(I23,) -> 25925500 | J25: =SUM(E25:I25) -> 105342662 | K25: =-J25=BS!E9 -> TRUE | L25: =J25=-F9 -> TRUE
E26: =E25/E21 -> 0.019738443 | F26: =F25/F21 -> 0.084990636 | G26: =G25/G21 -> 0.27296725 | H26: =H25/H21 -> 0.65841693 | I26: =I25/I21 -> 1
D27: 전기
D28: 구분 | E28: 정상 | F28: 3개월 초과 연체 | G28: 6개월 초과 연체 | H28: 9개월 초과 연체 | I28: 손상 | J28: 합계
D29: 총 장부금액-매출채권 | E29: 1383719872 | F29: 417631404 | G29: 141846210 | H29: 29328060 | I29: 26263258 | J29: =SUM(E29:I29) -> 1998788804 | K29: =BS!F8=J29 -> TRUE | L29: =H9=J29 -> TRUE
D30: 기대 손실률 | E30: =E31/E29 -> 0.024125582 | F30: =F31/F29 -> 0.12157713 | G30: =G31/G29 -> 0.39555029 | H30: =H31/H29 -> 0.7399752 | I30: =I31/I29 -> 1
D31: 손실충당금 | E31: 33383047 | F31: 50774428 | G31: 56107309 | H31: 21702037 | I31: 26263258 | J31: =SUM(E31:I31) -> 188230079 | K31: =BS!F9=-J31 -> TRUE | L31: =I9=-J31 -> TRUE
D36: (3) 손실충당금의 변동내역은 다음과 같습니다.
D38: =D16 -> 당반기
E39: (단위: 원)
D40: 구분 | E40: 기초 | F40: 대손상각비 | G40: 제각 | H40: 합병 | I40: 기말
D41: 매출채권 | E41: =I52 -> 188230079 | F41: ='CF정산표(26.2Q)'!H15 -> -82887417 | G41: =-'CF정산표(26.2Q)'!P14 -> 0 | H41: 0 | I41: =SUM(E41:H41) -> 105342662 | J41: =-F9=I41 -> TRUE
D42: 미수금 | E42: =I53 -> 27139000 | F42: ='CF정산표(26.2Q)'!H19 -> -3000000 | G42: 0 | H42: 0 | I42: =SUM(E42:H42) -> 24139000 | J42: =-F10=I42 -> TRUE
D43: 미수수익 | E43: =I54 -> 0 | F43: 0 | G43: 0 | H43: =-'CF정산표(26.2Q)'!Q17+'CF정산표(26.2Q)'!P17 -> 0 | I43: =SUM(E43:H43) -> 0 | J43: =-F11=I43 -> TRUE
D44: 선급금 | E44: =I55 -> 0 | F44: ='CF정산표(26.2Q)'!H32 -> 0 | G44: ='CF정산표(26.2Q)'!P32 -> 0 | H44: 0 | I44: =SUM(E44:H44) -> 0 | J44: =I44=-BS!E26 -> TRUE
D45: 합계 | E45: =SUM(E41:E44) -> 215369079 | F45: =SUM(F41:F44) -> -85887417 | G45: =SUM(G41:G44) -> 0 | H45: =SUM(H41:H44) -> 0 | I45: =SUM(I41:I44) -> 129481662 | J45: =-I45-'10'!E9=F12 -> TRUE
F46: =PL!E53-PL!E62-F45 -> 0
D49: - 전기
E50: (단위: 원)
D51: 구분 | E51: 기초 | F51: 대손상각비 | G51: 제각 | H51: 합병 | I51: 기말
D52: 매출채권 | E52: 201139449 | F52: -4709632 | G52: -8199738 | H52: 0 | I52: =SUM(E52:H52) -> 188230079 | J52: =-I52=I9 -> TRUE
D53: 미수금 | E53: 42320850 | F53: -15181850 | G53: 0 | H53: 0 | I53: =SUM(E53:H53) -> 27139000 | J53: =-I10=I53 -> TRUE
D54: 미수수익 | E54: 0 | F54: 0 | G54: 0 | H54: 0 | I54: =SUM(E54:H54) -> 0 | J54: =-I11=I54 -> TRUE
D55: 선급금 | E55: 0 | F55: 0 | G55: 0 | H55: 0 | I55: =SUM(E55:H55) -> 0 | J55: =I55=-BS!F26 -> TRUE
D56: 합계 | E56: =SUM(E52:E55) -> 243460299 | F56: =SUM(F52:F55) -> -19891482 | G56: =SUM(G52:G55) -> -8199738 | H56: =SUM(H52:H55) -> 0 | I56: =SUM(I52:I55) -> 215369079 | J56: =-I56-'10'!F9=I12 -> TRUE
E61: 기타의대손상각비 | F61: =F53+F55 -> -15181850

Sheet 9
B2: 9. 재고자산
D4: 보고기간종료일 현재 재고자산의 내역은 다음과 같습니다.
F6: (단위 : 원)
D7: 구분 | E7: ='7'!E6 -> 당반기말 | F7: 전기말
D8: 상품 | E8: =BS!E15 -> 47852743 | F8: =BS!F15 -> 42227029
D9: 차감:평가충당금 | E9: =BS!E16 -> 0 | F9: =BS!F16 -> -14089 | G9: =F9-E9 -> -14089
D10: 제품 | E10: =BS!E17 -> 2534717672 | F10: =BS!F17 -> 2349819825
D11: 차감:평가충당금 | E11: =BS!E18 -> -827921741 | F11: =BS!F18 -> -725171962 | G11: =F11-E11 -> 102749779
D12: 원재료 | E12: =BS!E19 -> 464851515 | F12: =BS!F19 -> 354984836
D13: =D11 -> 차감:평가충당금 | E13: =BS!E20 -> -44697318 | F13: =BS!F20 -> -34479470 | G13: =F13-E13 -> 10217848
D14: 부재료 | E14: =BS!E21 -> 48405072 | F14: =BS!F21 -> 49267189
D15: 부재료평가충당금 | E15: =BS!E22 -> -20598322 | F15: =BS!F22 -> -2358686 | G15: =F15-E15 -> 18239636
D16: 재공품 | E16: =BS!E23 -> 0 | F16: =BS!F23 -> 0
D17: 합계 | E17: =SUM(E8:E16) -> 2202609621 | F17: =SUM(F8:F16) -> 2034274672
E18: =E17=BS!E14 -> TRUE | F18: =F17=BS!F14 -> TRUE
E19: =E17=Dart_BS!C9 -> TRUE | F19: =F17=Dart_BS!D9 -> TRUE
D21: 회사는 당기 중 재고자산 평가손실 | E21: =ROUND((SUM('CF정산표(26.2Q)'!H22:H29)-SUM('CF정산표(26.2Q)'!J22:J29))/10^6,) -> 131 | F21: 백만원 (전기: 평가손실 | G21: 193 | H21: 백만원)을 인식하였습니다.
E22: =E9+E11+E13+E15 -> -893217381 | F22: =F9+F11+F13+F15 -> -762024207 | G22: =G9+G11+G13+G15 -> 131193174

Sheet 10
B2: 10. 기타유동자산
D4: 보고기간종료일 현재 기타유동자산의 내역은 다음과 같습니다.
F6: (단위 : 원)
D7: 구분 | E7: ='7'!E6 -> 당반기말 | F7: 전기말
D8: 선급금 | E8: =BS!E25 -> 394157762 | F8: =BS!F25 -> 2254829529
D9: 선급금_대손충당금 | E9: =BS!E26 -> 0 | F9: =BS!F26 -> 0
D10: 선급비용 | E10: =BS!E27 -> 1698698289 | F10: =BS!F27 -> 473315521
D11: 환불자산 | E11: =BS!E28 -> 4272227 | F11: =BS!F28 -> 7692640
D12: 합계 | E12: =SUM(E8:E11) -> 2097128278 | F12: =SUM(F8:F11) -> 2735837690
E13: =E12=BS!E24 -> TRUE | F13: =F12=BS!F24 -> TRUE
E14: =E12=Dart_BS!C10 -> TRUE | F14: =F12=Dart_BS!D10 -> TRUE

Sheet 11-12
B2: 11. 기타금융자산
D4: (1) 기타유동금융자산
D5: 보고기간종료일 현재 기타유동금융자산의 내역은 다음과 같습니다.
F6: (단위 : 원)
D7: 구분 | E7: ='7'!E6 -> 당반기말 | F7: 전기말
D8: 임차보증금(유동) | E8: =BS!E31 -> 0 | F8: =BS!F31 -> 0
D9: 단기대여금 | E9: =BS!E32 -> 0 | F9: =BS!F32 -> 1250001
D10: 합계 | E10: =SUM(E8:E9) -> 0 | F10: =SUM(F8:F9) -> 1250001
E11: =E10=BS!E30 -> TRUE | F11: =F10=BS!F30 -> TRUE
E12: =E10='6'!E11 -> TRUE | F12: =F10='6'!F11 -> TRUE
D13: (2) 기타비유동금융자산
D14: 보고기간종료일 현재 기타비유동금융자산의 내역은 다음과 같습니다.
F15: (단위 : 원)
D16: 구 분 | E16: =E7 -> 당반기말 | F16: =F7 -> 전기말
D17: 임차보증금(비유동) | E17: =BS!E36+BS!E37 -> 375946506 | F17: =BS!F36+BS!F37 -> 378196105
D18: 기타보증금 | E18: =BS!E38 -> 10135870 | F18: =BS!F38 -> 10024170
D19: 합계 | E19: =SUM(E17:E18) -> 386082376 | F19: =SUM(F17:F18) -> 388220275
E20: =E19=BS!E35 -> TRUE | F20: =F19=BS!F35 -> TRUE
E21: =E19='6'!E12 -> TRUE | F21: =F19='6'!F12 -> TRUE
B26: 12. 당기손익-공정가치 금융자산
D29: 구 분 | E29: 과 목 | F29: =E16 -> 당반기말 | H29: =F16 -> 전기말
F30: 취득원가 | G30: 장부금액 | H30: 취득원가 | I30: 장부금액
D31: 당기손익-공정가치 금융자산 | E31: 지분증권 | F31: ='5'!E16 -> 172664940 | G31: ='5'!E16 -> 172664940 | H31: ='5'!G16 -> 172664940 | I31: ='5'!H16 -> 172664940
D32: 합 계 | F32: =SUM(F31) -> 172664940 | G32: =SUM(G31) -> 172664940 | H32: =SUM(H31) -> 172664940 | I32: =SUM(I31) -> 172664940
G33: =G32=Dart_BS!C15 -> TRUE | I33: =I32=Dart_BS!D15 -> TRUE

Sheet 13
B2: 13. 유형자산
D4: (1) 유형자산의 내역
J5: (단위: 원)
D6: 구분 | E6: ='11-12'!E16 -> 당반기말 | H6: 전기말
E7: 취득원가 | F7: 상각누계액 | G7: 장부금액 | H7: 취득원가 | I7: 상각누계액 | J7: 장부금액
D8: 토지 | E8: =BS!E44 -> 1115280040 | F8: 0 | G8: =SUM(E8:F8) -> 1115280040 | H8: =BS!F44 -> 557640020 | I8: 0 | J8: =SUM(H8:I8) -> 557640020
D9: 건물 | E9: =BS!E45 -> 2832428420 | F9: =BS!E46 -> -61959374 | G9: =SUM(E9:F9) -> 2770469046 | H9: =BS!F45 -> 1355889942 | I9: =BS!F46 -> -31072481 | J9: =SUM(H9:I9) -> 1324817461
D10: 기계장치 | E10: =BS!E47 -> 2674264961 | F10: =BS!E48 -> -1323604760 | G10: =SUM(E10:F10) -> 1350660201 | H10: =BS!F47 -> 1819453967 | I10: =BS!F48 -> -1210652849 | J10: =SUM(H10:I10) -> 608801118
D11: 차량운반구 | E11: =BS!E49 -> 7974819 | F11: =BS!E50 -> -7972819 | G11: =SUM(E11:F11) -> 2000 | H11: =BS!F49 -> 7974819 | I11: =BS!F50 -> -7972819 | J11: =SUM(H11:I11) -> 2000
D12: 공구와기구 | E12: =BS!E51 -> 131100000 | F12: =BS!E52 -> -67838194 | G12: =SUM(E12:F12) -> 63261806 | H12: =BS!F51 -> 131100000 | I12: =BS!F52 -> -58155206 | J12: =SUM(H12:I12) -> 72944794
D13: 비품 | E13: =BS!E53 -> 368187065 | F13: =BS!E54 -> -189699106 | G13: =SUM(E13:F13) -> 178487959 | H13: =BS!F53 -> 392461239 | I13: =BS!F54 -> -341221676 | J13: =SUM(H13:I13) -> 51239563
D14: 인테리어 | E14: =BS!E56 -> 131819200 | F14: =BS!E57 -> -131811200 | G14: =SUM(E14:F14) -> 8000 | H14: =BS!F56 -> 218118382 | I14: =BS!F57 -> -217473398 | J14: =SUM(H14:I14) -> 644984
D15: 시설장치 | E15: =BS!E58 -> 972487904 | F15: =BS!E59 -> -169400862 | G15: =SUM(E15:F15) -> 803087042 | H15: =+BS!F58 -> 473450000 | I15: =+BS!F59 -> -85582504 | J15: =SUM(H15:I15) -> 387867496
D16: 사용권자산 | E16: =BS!E60 -> 1731999794 | F16: =BS!E61 -> -370585998 | G16: =SUM(E16:F16) -> 1361413796 | H16: =BS!F60 -> 1784674683 | I16: =BS!F61 -> -145809800 | J16: =SUM(H16:I16) -> 1638864883
D17: 건설중인자산 | E17: =BS!E55 -> 1376213175 | F17: 0 | G17: =SUM(E17:F17) -> 1376213175 | H17: =BS!F55 -> 4039985025 | I17: 0 | J17: =SUM(H17:I17) -> 4039985025
D18: 합계 | E18: =SUM(E8:E17) -> 11341755378 | F18: =SUM(F8:F17) -> -2322872313 | G18: =SUM(G8:G17) -> 9018883065 | H18: =SUM(H8:H17) -> 10780748077 | I18: =SUM(I8:I17) -> -2097940733 | J18: =SUM(J8:J17) -> 8682807344
G19: =G18=BS!E43 -> TRUE | J19: =J18=BS!F43 -> TRUE
G20: =G18=Dart_BS!C17 -> TRUE | J20: =J18=Dart_BS!D17 -> TRUE
D21: (2) 유형자산의 변동
D23: =PL!H1 -> 당반기
K24: (단위: 원)
D25: 구분 | E25: 기초 | F25: 취득 | G25: 합병 | H25: 처분 | I25: 대체 | J25: 감가상각비 | K25: 기말
D26: 토지 | E26: =K43 -> 557640020 | F26: ='CF정산표(26.2Q)'!M49 -> 0 | G26: 0 | H26: 0 | I26: ='CF정산표(26.2Q)'!Q49 -> 557640020 | J26: =-'CF정산표(26.2Q)'!H52 -> 0 | K26: =SUM(E26:J26) -> 1115280040 | L26: =K26=G8 -> TRUE
D27: 건물 | E27: =K44 -> 1324817461 | F27: ='CF정산표(26.2Q)'!M50 -> 0 | G27: 0 | I27: ='CF정산표(26.2Q)'!Q50 -> 1476538478 | J27: =-'CF정산표(26.2Q)'!H51 -> -30886893 | K27: =SUM(E27:J27) -> 2770469046 | L27: =K27=G9 -> TRUE
D28: 기계장치 | E28: =K45 -> 608801118 | F28: ='CF정산표(26.2Q)'!M52 -> 488099500 | G28: 0 | H28: =-('CF정산표(26.2Q)'!P52-'CF정산표(26.2Q)'!J53) -> -89250000 | I28: ='CF정산표(26.2Q)'!Q52 -> 456711494 | J28: =-'CF정산표(26.2Q)'!H53 -> -113701911 | K28: =SUM(E28:J28) -> 1350660201 | L28: =K28=G10 -> TRUE
D29: 차량운반구 | E29: =K46 -> 2000 | F29: ='CF정산표(26.2Q)'!M54 -> 0 | G29: 0 | H29: =-'CF정산표(26.2Q)'!L54-'CF정산표(26.2Q)'!L55+'CF정산표(26.2Q)'!J54-'CF정산표(26.2Q)'!H54 -> 0 | I29: 0 | J29: =-'CF정산표(26.2Q)'!H55 -> 0 | K29: =SUM(E29:J29) -> 2000 | L29: =K29=G11 -> TRUE
D30: 공구와기구 | E30: =K47 -> 72944794 | F30: ='CF정산표(26.2Q)'!M56 -> 0 | G30: 0 | H30: 0 | I30: 0 | J30: =-'CF정산표(26.2Q)'!H57 -> -9682988 | K30: =SUM(E30:J30) -> 63261806 | L30: =K30=G12 -> TRUE
D31: 비품 | E31: =K48 -> 51239563 | F31: ='CF정산표(26.2Q)'!M58 -> 33830272 | G31: 0 | H31: =-'CF정산표(26.2Q)'!H58 -> -4822402 | I31: ='CF정산표(26.2Q)'!Q58 -> 115440965 | J31: =-'CF정산표(26.2Q)'!H59 -> -17200439 | K31: =SUM(E31:J31) -> 178487959 | L31: =K31=G13 -> TRUE
D32: 인테리어 | E32: =K49 -> 644984 | F32: ='CF정산표(26.2Q)'!M61 -> 0 | G32: 0 | H32: =-'CF정산표(26.2Q)'!H61 -> -3000 | I32: 0 | J32: =-'CF정산표(26.2Q)'!H62 -> -633984 | K32: =SUM(E32:J32) -> 8000 | L32: =K32=G14 -> TRUE
D33: 시설장치 | E33: =K50 -> 387867496 | F33: ='CF정산표(26.2Q)'!M63 -> 0 | G33: 0 | H33: =-('CF정산표(26.2Q)'!L63-'CF정산표(26.2Q)'!Q64) -> 0 | I33: ='CF정산표(26.2Q)'!Q63 -> 499037904 | J33: =-'CF정산표(26.2Q)'!H64 -> -83818358 | K33: =SUM(E33:J33) -> 803087042 | L33: =K33=G15 -> TRUE
D34: 사용권자산 | E34: =K51 -> 1638864883 | F34: =SUM('CF정산표(26.2Q)'!T66:U66) -> 9012918 | G34: 0 | H34: =-('CF정산표(26.2Q)'!T65-'CF정산표(26.2Q)'!U65) -> -18218466 | I34: 0 | J34: =-'CF정산표(26.2Q)'!H66 -> -268245539 | K34: =ROUNDDOWN(SUM(E34:J34),-0.1) -> 1361413796 | L34: =K34=G16 -> TRUE | M34: ='20'!G16=-J34 -> TRUE
D35: 건설중인자산 | E35: =K52 -> 4039985025 | F35: ='CF정산표(26.2Q)'!M60 -> 416565450 | G35: 0 | H35: 0 | I35: ='CF정산표(26.2Q)'!P76-'CF정산표(26.2Q)'!P60 -> -3080337300 | J35: 0 | K35: =ROUNDDOWN(SUM(E35:J35),-0.1) -> 1376213175 | L35: =K35=G17 -> TRUE
D36: 합계 | E36: =SUM(E26:E35) -> 8682807344 | F36: =SUM(F26:F35) -> 947508140 | G36: =SUM(G26:G35) -> 0 | H36: =SUM(H26:H35) -> -112293868 | I36: =SUM(I26:I35) -> 25031561 | J36: =SUM(J26:J35) -> -524170112 | K36: =SUM(K26:K35) -> 9018883065
E37: cf검증 | F37: =CF!D51 -> 938495222 | H37: cf검증 | J37: =CF!D16 -> 524170112 | K37: =K36=G18 -> TRUE
F38: =SUM(F26:F33,F35)=F37 -> TRUE | J38: =J37=-J36 -> TRUE
D40: - 전기
K41: (단위: 원)
D42: 구분 | E42: 기초 | F42: 취득 | G42: 합병 | H42: 처분 | I42: 대체 | J42: 감가상각비 | K42: 기말
D43: 토지 | E43: 0 | F43: 0 | G43: 0 | H43: 0 | I43: 557640020 | J43: 0 | K43: =SUM(E43:J43) -> 557640020 | L43: =K43=J8 -> TRUE
D44: 건물 | E44: 0 | F44: 0 | G44: 0 | I44: 1355889942 | J44: -31072481 | K44: =SUM(E44:J44) -> 1324817461 | L44: =K44=J9 -> TRUE
D45: 기계장치 | E45: 644349896 | F45: 124209000 | G45: 0 | H45: 0 | I45: 12520000 | J45: -172277778 | K45: =SUM(E45:J45) -> 608801118 | L45: =K45=J10 -> TRUE
D46: 차량운반구 | E46: 3000 | F46: 0 | G46: 0 | H46: -1000 | I46: 0 | J46: 0 | K46: =SUM(E46:J46) -> 2000 | L46: =K46=J11 -> TRUE
D47: 공구와기구 | E47: 35813809 | F47: 50000000 | G47: 0 | H47: 0 | I47: 0 | J47: -12869015 | K47: =SUM(E47:J47) -> 72944794 | L47: =K47=J12 -> TRUE
D48: 비품 | E48: 34312028 | F48: 21042428 | G48: 0 | H48: 0 | I48: 14023000 | J48: -18137893 | K48: =SUM(E48:J48) -> 51239563 | L48: =K48=J13 -> TRUE
D49: 인테리어 | E49: 16238199 | F49: 0 | G49: 0 | H49: 0 | I49: 0 | J49: -15593215 | K49: =SUM(E49:J49) -> 644984 | L49: =K49=J14 -> TRUE
D50: 시설장치 | E50: 0 | F50: 7300000 | G50: 0 | H50: -4845000 | I50: 471250000 | J50: -85837504 | K50: =SUM(E50:J50) -> 387867496 | L50: =K50=J15 -> TRUE
D51: 사용권자산 | E51: 462419792 | F51: 1605741555 | G51: 0 | H51: -7997433 | I51: 0 | J51: -421299031 | K51: =SUM(E51:J51) -> 1638864883 | L51: =K51=J16 -> TRUE
D52: 건설중인자산 | E52: 4892122921 | F52: 1436862120 | G52: 0 | H52: 0 | I52: -2289000016 | J52: 0 | K52: =SUM(E52:J52) -> 4039985025
D53: 합계 | E53: =SUM(E43:E52) -> 6085259645 | F53: =SUM(F43:F52) -> 3245155103 | G53: =SUM(G43:G52) -> 0 | H53: =SUM(H43:H52) -> -12843433 | I53: =SUM(I43:I52) -> 122322946 | J53: =SUM(J43:J52) -> -757086917 | K53: =SUM(K43:K52) -> 8682807344
E54: cf검증 | F54: 1639413548 | I54: cf검증 | J54: 757086917 | K54: =K53=J18 -> TRUE
F55: =SUM(F45:F50,F52)=F54 -> TRUE | J55: =J54=-J53 -> TRUE
D58: (3) 보고기간종료일 현재 기초자산 유형별 사용권자산의 내역은 다음과 같습니다.
D60: 구분 | E60: =E6 -> 당반기말 | F60: =H6 -> 전기말
D61: 부동산 | E61: =1232060041-2 -> 1232060039 | F61: 1465196252 | G61: =E61='20'!F20 -> TRUE
D62: 차량운반구 | E62: =129353757 -> 129353757 | F62: 173668631 | G62: =E62='20'!E20 -> TRUE
D63: 합계 | E63: =SUM(E61:E62) -> 1361413796 | F63: =SUM(F61:F62) -> 1638864883
E64: =E63=K34 -> TRUE | F64: =F63=E34 -> TRUE

Sheet 14
B2: 14. 무형자산
D4: (1) 보고기간종료일 현재 무형자산의 내역은 다음과 같습니다.
J5: (단위: 원)
D6: 구분 | E6: ='11-12'!E16 -> 당반기말 | H6: 전기말
E7: 취득원가 | F7: 상각누계액 | G7: 장부금액 | H7: 취득원가 | I7: 상각누계액 | J7: 장부금액
D8: 산업재산권 | E8: =G8-F8 -> 372505746 | F8: =I8-'CF정산표(26.2Q)'!H68-'CF정산표(26.2Q)'!H69 -> -299677275 | G8: =BS!E63+BS!E64 -> 72828471 | H8: =J8-I8 -> 323823267 | I8: -285801804 | J8: =BS!F63+BS!F64 -> 38021463
D9: 소프트웨어 | E9: =G9-F9 -> 214442363 | F9: =I9-'CF정산표(26.2Q)'!H71 -> -162548712 | G9: =BS!E66 -> 51893651 | H9: =J9-I9 -> 167242363 | I9: -154895076 | J9: =BS!F66 -> 12347287
D10: 개발비 | E10: =G10-F10 -> 1256267925 | F10: =I10-'CF정산표(26.2Q)'!H70 -> -1256267925 | G10: =BS!E65 -> 0 | H10: =J10-I10 -> 1256267925 | I10: -1256267925 | J10: =BS!F65 -> 0
D11: 합계 | E11: =SUM(E8:E10) -> 1843216034 | F11: =SUM(F8:F10) -> -1718493912 | G11: =SUM(G8:G10) -> 124722122 | H11: =SUM(H8:H10) -> 1747333555 | I11: =SUM(I8:I10) -> -1696964805 | J11: =SUM(J8:J10) -> 50368750
G12: =G11=BS!E62 -> TRUE | J12: =J11=BS!F62 -> TRUE
G13: =G11=Dart_BS!C18 -> TRUE | J13: =J11=Dart_BS!D18 -> TRUE
D14: (2) 무형자산 장부가액의 변동내용은 다음과 같습니다.
D16: =E6 -> 당반기말
I17: (단위: 원)
D18: 구분 | E18: 기초 | F18: 취득 | G18: 대체 | H18: 감가상각비 | I18: 기말
D19: 산업재산권 | E19: =I29 -> 38021463 | F19: ='14'!E8-'14'!H8-G19 -> 48682479 | G19: ='CF정산표(26.2Q)'!Q68 -> 0 | H19: ='14'!F8-'14'!I8 -> -13875471 | I19: =SUM(E19:H19) -> 72828471 | J19: =I19=G8 -> TRUE
D20: 소프트웨어 | E20: =I30 -> 12347287 | F20: ='14'!E9-'14'!H9-G20 -> 47200000 | H20: ='14'!F9-'14'!I9 -> -7653636 | I20: =SUM(E20:H20) -> 51893651 | J20: =I20=G9 -> TRUE
D21: 개발비 | E21: =I31 -> 0 | F21: ='14'!E10-'14'!H10-G21 -> 0 | H21: ='14'!F10-'14'!I10 -> 0 | I21: =SUM(E21:H21) -> 0 | J21: =I21=G10 -> TRUE
D22: 합계 | E22: =SUM(E19:E21) -> 50368750 | F22: =SUM(F19:F21) -> 95882479 | G22: =SUM(G19:G21) -> 0 | H22: =SUM(H19:H21) -> -21529107 | I22: =SUM(E22:H22) -> 124722122 | J22: =I22=G11 -> TRUE
E23: cf검증 | F23: =CF!D52 -> 95882479 | H23: =CF!D17 -> 21529107
F24: =F22=F23 -> TRUE | H24: =H22=-H23 -> TRUE
D26: =H6 -> 전기말
I27: (단위: 원)
D28: 구분 | E28: 기초 | F28: 취득 | G28: 대체 | H28: 감가상각비 | I28: 기말
D29: 산업재산권 | E29: 58628342 | F29: 0 | G29: 7031500 | H29: -27638379 | I29: =SUM(E29:H29) -> 38021463 | J29: =I29=J8 -> TRUE
D30: 소프트웨어 | E30: 18214555 | F30: 0 | H30: -5867268 | I30: =SUM(E30:H30) -> 12347287 | J30: =I30=J9 -> TRUE
D31: 개발비 | E31: 141914582 | F31: 0 | H31: -141914582 | I31: =SUM(E31:H31) -> 0 | J31: =I31=J10 -> TRUE
D32: 합계 | E32: =SUM(E29:E31) -> 218757479 | F32: =SUM(F29:F31) -> 0 | H32: =SUM(H29:H31) -> -175420229 | I32: =SUM(I29:I31) -> 50368750 | J32: =I32=J11 -> TRUE
E33: cf검증 | F33: 0 | H33: 175420229
F34: =F32=F33 -> TRUE | H34: =H32=-H33 -> TRUE
D38: (3) 보고기간종료일 현재 회사의 중요한 개별 무형자산인 개발비의 내역은 다음과 같습니다.
G39: (단위: 원) | I39: 상각 개시일 | J39: 만료일 | K39: 기준일
D40: 구분 | E40: 자산명 | F40: 장부가액 | G40: 잔여 상각기간 | I40: 44044 | J40: 45869 | K40: 46203
D41: 개발비 | E41: PDO고분자 필러 ULTRACOL | F41: =I21 -> 0 | G41: 0 | K41: =J40-K40 -> -334 | L41: =K41/365 -> -0.91506849
D45: (4) 당기와 전기 중 비용으로 인식한 연구 개발 관련 지출 총액은 다음과 같습니다.
F46: (단위: 원)
D47: 구분 | E47: ='27'!E7 -> 당반기 | F47: ='27'!G7 -> 전반기
D48: 판매비와관리비 | E48: =PL!E43 -> 364625079 | F48: =PL!F43 -> 337688016
D49: 정부보조금 | E49: 0 | F49: 0
D50: 합계 | E50: =SUM(E48:E49) -> 364625079 | F50: =SUM(F48:F49) -> 337688016
E51: =E50=PL!E43 -> TRUE | F51: =F50=PL!F43 -> TRUE

Sheet Sheet1
H4: 과목 | I4: 주석 | J4: 제 16(당) 기 | K4: 제 15(전) 기
H5: 자산
H6: 유동자산 | J6: 16611573134 | K6: 2615770018
H7: 현금및현금성자산 | I7: 4,5,6,7 | J7: 15100984480 | K7: 766238617
H8: 재고자산 | I8: 8 | J8: - | K8: 22402866
H9: 당기법인세자산 | J9: 401651 | K9: 4846920
H10: 기타유동금융자산 | I10: 4,5,6,9 | J10: 1253346150 | K10: 1381401144
H11: 기타유동자산 | I11: 10 | J11: 256840853 | K11: 440880471
H12: 비유동자산 | J12: 9285791822 | K12: 11843051143
H13: 유형자산 | I13: 11 | J13: 736605984 | K13: 1637563409
H14: 무형자산 | I14: 13 | J14: 6434208125 | K14: 7631375351
H15: 사용권자산 | I15: 12 | J15: 1278431177 | K15: 1645936609
H16: 기타비유동금융자산 | I16: 4,5,6,9 | J16: 369673339 | K16: 401302577
H17: 기타비유동자산 | I17: 10 | J17: 466873197 | K17: 526873197
H18: 자산 총계 | J18: 25897364956 | K18: 14458821161 | M18: =J6+J12 -> 25897364956
H19: 부채
H20: 유동부채 | J20: 18653681183 | K20: 59892545375
H21: 리스부채 | I21: 4,6,12 | J21: 395465304 | K21: 385389081
H22: 당기손익인식지정금융부채 | I22: 4,5,6,15 | J22: - | K22: 45720775058 | M22: =SUM(J21:J24) -> 18673779131
H23: 기타유동금융부채 | I23: 4,5,6,14 | J23: 13304643066 | K23: 7918562633
H24: 기타유동부채 | I24: 16,22 | J24: 4973670761 | K24: 5867818603
H25: 비유동부채 | J25: 1388796709 | K25: 1460570049
H26: 비유동리스부채 | I26: 4,6,12 | J26: 1026471515 | K26: 1384796626
H27: 충당부채 | J27: 77090898 | K27: 75773423
H28: 기타비유동금융부채 | I28: 4,5,6,14 | J28: 285234296 | K28: -
H29: 부채총계 | J29: 20062575840 | K29: 61353115424 | M29: =J20+J25 -> 20042477892
H30: 자본 | K30: -
H31: 자본금 | I31: 1,19 | J31: 16655228500 | K31: 1755559500
H32: 자본잉여금 | I32: 19 | J32: 73656603596 | K32: 35688765482
H33: 기타자본 | I33: 19,21 | J33: 3758717291 | K33: 5912051291
H34: 결손금 | I34: 20 | J34: -88235760271 | K34: -90250670536
H35: 자본총계 | J35: 5834789116 | K35: -46894294263
H36: 자본과 부채 총계 | J36: 25897364956 | K36: 14458821161
J37: =J29+J35 -> 25897364956
J38: =J37=J36 -> TRUE

Sheet 15
B2: 15. 종속기업투자 및 관계기업투자
D4: (1) 보고기간종료일 현재 종속기업, 관계기업에 대한 투자자산 내역은 다음과 같습니다.
J6: (단위 : 원)
D7: 구분 | E7: 회사명 | F7: 소재지 | G7: 주요영업활동 | H7: ='14'!E6 -> 당반기말 | J7: ='14'!H6 -> 전기말
H8: 지분율 | I8: 장부금액 | J8: 지분율 | K8: 장부금액
D9: 종속기업 | E9: (주)에이티지씨 | F9: 한국 | G9: 의학 및 약학 연구개발업 | H9: 0.5005 | I9: 24999999500 | J9: 1 | K9: 0
E10: ULTRA V HONG KONG LIMITED | F10: 홍콩 | G10: 화장품 등 판매 | H10: 1 | I10: 305895681 | J10: 1 | K10: 305895681
E11: ULTRA V SHANGHAI LIMITED | F11: 중국 | G11: 화장품 등 판매 | H11: 1 | I11: 0 | J11: 1 | K11: 0
E12: ULTRA V SINGAPORE PTE.LTD | F12: 싱가포르 | G12: 화장품 등 판매 | H12: 1 | I12: 42330000 | J12: 1 | K12: 42330000
D13: 관계기업 | E13: (주)엠에이치메디 | F13: 한국 | G13: 의료장비 제조 | I13: 0 | K13: 0
E14: (주)에이티지씨 | F14: 한국 | G14: 의학 및 약학 연구개발업 | I14: 0 | J14: 0.3402 | K14: 16999999500
D15: 합 계 | I15: =SUM(I9:I14) -> 25348225181 | K15: =SUM(K9:K14) -> 17348225181
I16: =I15=Dart_BS!C16 -> TRUE | K16: =K15=BS!F40 -> TRUE
D18: (2) 당기와 전기의 종속기업 및 관계기업투자의 변동내역의 변동내역은 아래와 같습니다.
F19: (단위 : 원)
D20: 구 분 | E20: =PL!H1 -> 당반기 | F20: 전기
D21: 기초금액 | E21: =F25 -> 17348225181 | F21: 666578175
D22: 취득 | E22: 8000000000 | F22: 17043129500
D23: 손상및환입 | E23: 0 | F23: -361482494
D24: 감소(감액)
D25: 기말금액 | E25: =SUM(E21:E24) -> 25348225181 | F25: =SUM(F21:F24) -> 17348225181
E26: =E25=BS!E40 -> TRUE | F26: =F25=BS!F40 -> TRUE
D28: (3) 종속기업 및 관계기업에 대한 요약 재무정보는 아래와 같습니다.
D29: 구 분 | E29: ='13'!E6 -> 당반기말 | I29: 전기말
D30: 종속기업명 | E30: ULTRA V HONG KONG LIMITED | F30: =E11 -> ULTRA V SHANGHAI LIMITED | G30: ULTRA V (SG) PTE.LTD | H30: (주)에이티지씨 | I30: ULTRA V HONG KONG LIMITED | J30: ULTRA V SHANGHAI LIMITED | K30: ULTRA V (SG) PTE.LTD | L30: (주)에이티지씨
D31: 유동자산 | E31: 2042118015 | F31: 2287111 | G31: 22492142 | H31: 2658778533 | I31: 1820473012 | J31: 36935061 | K31: 29436868 | L31: 16611573134
D32: 비유동자산 | E32: 225947074 | F32: - | G32: - | H32: 8080134954 | I32: 213850619 | J32: 0 | K32: 0 | L32: 9285791822
D33: 자산총계 | E33: =SUM(E31:E32) -> 2268065089 | F33: =SUM(F31:F32) -> 2287111 | G33: =SUM(G31:G32) -> 22492142 | H33: =SUM(H31:H32) -> 10738913487 | I33: =SUM(I31:I32) -> 2034323631 | J33: =SUM(J31:J32) -> 36935061 | K33: =SUM(K31:K32) -> 29436868 | L33: =SUM(L31:L32) -> 25897364956
D34: 유동부채 | E34: 516057216 | F34: 0 | G34: 0 | H34: 9388591014 | I34: 426492174 | J34: 51245848 | K34: 0 | L34: 18807114644
D35: 비유동부채 | E35: 0 | F35: 0 | G35: 0 | H35: 1113355079 | I35: 0 | J35: 0 | K35: 0 | L35: 1388796709
D36: 부채총계 | E36: =SUM(E34:E35) -> 516057216 | F36: =SUM(F34:F35) -> 0 | G36: =SUM(G34:G35) -> 0 | H36: =SUM(H34:H35) -> 10501946093 | I36: =SUM(I34:I35) -> 426492174 | J36: =SUM(J34:J35) -> 51245848 | K36: =SUM(K34:K35) -> 0 | L36: =SUM(L34:L35) -> 20195911353
D37: 자본 | E37: =E33-E36 -> 1752007873 | F37: =F33-F36 -> 2287111 | G37: =G33-G36 -> 22492142 | H37: =H33-H36 -> 236967394 | I37: =I33-I36 -> 1607831457 | J37: =J33-J36 -> -14310787 | K37: =K33-K36 -> 29436868 | L37: =L33-L36 -> 5701453603
D38: 부채및자본총계 | E38: =SUM(E36:E37) -> 2268065089 | F38: =SUM(F36:F37) -> 2287111 | G38: =SUM(G36:G37) -> 22492142 | H38: =SUM(H36:H37) -> 10738913487 | I38: =SUM(I36:I37) -> 2034323631 | J38: =SUM(J36:J37) -> 36935061 | K38: =SUM(K36:K37) -> 29436868 | L38: =SUM(L36:L37) -> 25897364956
D40: (4) 종속기업 및 관계기업의 현재 요약 경영성과는 다음과 같습니다.
D42: 구 분 | E42: =E20 -> 당반기 | I42: 전반기
D43: 종속기업명 | E43: ULTRA V HONG KONG LIMITED | F43: =F30 -> ULTRA V SHANGHAI LIMITED | G43: ULTRA V (SG) PTE.LTD | H43: (주)에이티지씨 | I43: ULTRA V HONGKONG LIMITED | J43: ULTRA V SHANGHAI LIMITED | K43: ULTRA V (SG) PTE.LTD
D44: 매출액 | E44: 421166730 | F44: - | G44: - | H44: - | I44: 809233439 | J44: 0 | K44: 0
D45: 영업이익(손실) | E45: 35707119 | F45: -6059736 | G45: -8708317 | H45: - | I45: 14710121 | J45: -10779749 | K45: -7599136
D46: 당기순이익(손실) | E46: 34943700 | F46: -6286582 | G46: -8663286 | H46: - | I46: 11312683 | J46: -10754948 | K46: -8108570
D47: 총포괄이익(손실) | E47: 105167984 | F47: -7471488 | G47: -7145867 | H47: - | I47: -113463405 | J47: -9115064 | K47: -8433339

Sheet 16
B2: 16. 매입채무및기타채무
D4: 보고기간종료일 현재 매입채무및기타채무의 내역은 다음과 같습니다.
F5: (단위: 원)
D6: 구분 | E6: ='14'!E6 -> 당반기말 | F6: ='14'!H6 -> 전기말
D7: 매입채무 | E7: =BS!E72 -> 299203820 | F7: =BS!F72 -> 545684916
D8: 미지급금 | E8: =BS!E73 -> 207639910 | F8: =BS!F73 -> 293009113
D9: 미지급비용 | E9: =BS!E75 -> 2552781060 | F9: =BS!F75 -> 746061838
D10: 예수금 | E10: =BS!E74 -> 85200680 | F10: =BS!F74 -> 0
D11: 계 | E11: =SUM(E7:E10) -> 3144825470 | F11: =SUM(F7:F10) -> 1584755867
E12: =E11=BS!E71 -> TRUE | F12: =F11=BS!F71 -> TRUE
E13: =E11=Dart_BS!C23 -> TRUE | F13: =F11=Dart_BS!D23 -> TRUE

Sheet 17
B2: 17. 기타부채
